entity_id,spec_id
ENTITY#001,www.ebay.com//14633
ENTITY#001,www.ebay.com//14633
ENTITY#001,www.ebay.com//20380
ENTITY#001,www.ebay.com//20839
ENTITY#001,www.ebay.com//20839
ENTITY#001,www.ebay.com//21940
ENTITY#002,catalog.com//254
ENTITY#002,www.officedepot.com//255
ENTITY#002,www.getprice.com.au//280
ENTITY#002,www.officedepot.com//289
ENTITY#002,www.ohc24.ch//318
ENTITY#002,www.makingbuyingeasy.co.uk//388
ENTITY#002,www.makingbuyingeasy.co.uk//489
ENTITY#002,www.makingbuyingeasy.co.uk//585
ENTITY#002,catalog.com//596
ENTITY#002,ce.yikus.com//1219
ENTITY#002,www.ebay.com//12307
ENTITY#002,www.ebay.com//14413
ENTITY#002,www.ebay.com//16628
ENTITY#002,www.ebay.com//19927
ENTITY#002,www.ebay.com//22113
ENTITY#002,www.ebay.com//23335
ENTITY#002,www.ebay.com//23720
ENTITY#003,www.makingbuyingeasy.co.uk//66
ENTITY#003,www.ohc24.ch//186
ENTITY#003,www.ohc24.ch//304
ENTITY#003,www.makingbuyingeasy.co.uk//389
ENTITY#003,www.makingbuyingeasy.co.uk//393
ENTITY#003,www.makingbuyingeasy.co.uk//454
ENTITY#003,www.ohc24.ch//624
ENTITY#004,www.ohc24.ch//51
ENTITY#004,www.makingbuyingeasy.co.uk//333
ENTITY#004,www.makingbuyingeasy.co.uk//341
ENTITY#004,www.makingbuyingeasy.co.uk//502
ENTITY#004,www.makingbuyingeasy.co.uk//599
ENTITY#004,www.makingbuyingeasy.co.uk//643
ENTITY#004,www.ohc24.ch//721
ENTITY#004,www.ebay.com//18227
ENTITY#005,catalog.com//269
ENTITY#005,ce.yikus.com//357
ENTITY#005,catalog.com//364
ENTITY#005,www.makingbuyingeasy.co.uk//610
ENTITY#005,www.makingbuyingeasy.co.uk//644
ENTITY#005,www.pcconnection.com//2103
ENTITY#005,www.pcconnection.com//3382
ENTITY#005,www.ebay.com//18704
ENTITY#007,www.best-deal-items.com//1038
ENTITY#007,www.best-deal-items.com//1038
ENTITY#008,www.best-deal-items.com//464
ENTITY#008,www.best-deal-items.com//2171
ENTITY#009,www.best-deal-items.com//257
ENTITY#009,www.best-deal-items.com//548
ENTITY#009,www.best-deal-items.com//622
ENTITY#009,www.best-deal-items.com//936
ENTITY#009,www.best-deal-items.com//968
ENTITY#009,www.best-deal-items.com//1016
ENTITY#009,www.best-deal-items.com//2025
ENTITY#009,www.best-deal-items.com//2453
ENTITY#009,www.ebay.com//9531
ENTITY#009,www.ebay.com//16047
ENTITY#009,www.ebay.com//16278
ENTITY#009,www.ebay.com//19861
ENTITY#009,www.ebay.com//20575
ENTITY#009,www.ebay.com//21885
ENTITY#009,www.ebay.com//23319
ENTITY#010,www.best-deal-items.com//346
ENTITY#010,www.best-deal-items.com//1174
ENTITY#010,www.best-deal-items.com//1351
ENTITY#010,www.best-deal-items.com//1478
ENTITY#010,www.best-deal-items.com//1765
ENTITY#010,www.best-deal-items.com//2563
ENTITY#010,www.ebay.com//9342
ENTITY#010,www.ebay.com//14838
ENTITY#010,www.ebay.com//19295
ENTITY#010,www.ebay.com//21363
ENTITY#010,www.ebay.com//22111
ENTITY#011,www.best-deal-items.com//117
ENTITY#011,www.best-deal-items.com//775
ENTITY#011,www.best-deal-items.com//1413
ENTITY#011,www.best-deal-items.com//1548
ENTITY#011,www.ebay.com//11620
ENTITY#011,www.ebay.com//14209
ENTITY#011,www.ebay.com//17066
ENTITY#011,www.ebay.com//18840
ENTITY#011,www.ebay.com//20888
ENTITY#011,www.ebay.com//20923
ENTITY#011,www.ebay.com//21596
ENTITY#011,www.ebay.com//22417
ENTITY#012,www.best-deal-items.com//252
ENTITY#012,www.best-deal-items.com//572
ENTITY#012,www.best-deal-items.com//1070
ENTITY#012,www.best-deal-items.com//1720
ENTITY#012,www.best-deal-items.com//1735
ENTITY#012,www.best-deal-items.com//1983
ENTITY#012,www.best-deal-items.com//2149
ENTITY#012,www.best-deal-items.com//2265
ENTITY#012,www.best-deal-items.com//2345
ENTITY#012,www.best-deal-items.com//2356
ENTITY#012,www.best-deal-items.com//2517
ENTITY#012,www.best-deal-items.com//2538
ENTITY#012,www.ebay.com//15814
ENTITY#012,www.ebay.com//21016
ENTITY#012,www.ebay.com//21447
ENTITY#013,www.officedepot.com//8
ENTITY#013,www.best-deal-items.com//24
ENTITY#013,www.best-deal-items.com//165
ENTITY#013,www.makingbuyingeasy.co.uk//413
ENTITY#013,www.makingbuyingeasy.co.uk//471
ENTITY#013,catalog.com//534
ENTITY#013,www.ohc24.ch//843
ENTITY#013,www.best-deal-items.com//992
ENTITY#013,www.best-deal-items.com//1210
ENTITY#013,www.best-deal-items.com//1242
ENTITY#013,www.best-deal-items.com//2272
ENTITY#013,www.best-deal-items.com//2747
ENTITY#013,www.best-deal-items.com//2790
ENTITY#013,www.ebay.com//19208
ENTITY#014,www.makingbuyingeasy.co.uk//30
ENTITY#014,www.makingbuyingeasy.co.uk//44
ENTITY#014,www.makingbuyingeasy.co.uk//283
ENTITY#014,www.ohc24.ch//315
ENTITY#014,www.ohc24.ch//351
ENTITY#014,www.ohc24.ch//453
ENTITY#014,www.makingbuyingeasy.co.uk//594
ENTITY#014,www.ohc24.ch//683
ENTITY#014,www.best-deal-items.com//685
ENTITY#014,www.ohc24.ch//720
ENTITY#014,www.best-deal-items.com//738
ENTITY#015,www.ebay.com//11445
ENTITY#015,www.ebay.com//14687
ENTITY#015,www.ebay.com//15110
ENTITY#015,www.ebay.com//16806
ENTITY#015,www.ebay.com//19815
ENTITY#015,www.ebay.com//20160
ENTITY#015,www.ebay.com//20341
ENTITY#015,www.ebay.com//20637
ENTITY#015,www.ebay.com//20857
ENTITY#015,www.ebay.com//20921
ENTITY#015,www.ebay.com//21080
ENTITY#015,www.ebay.com//21435
ENTITY#015,www.ebay.com//21812
ENTITY#015,www.ebay.com//22461
ENTITY#016,www.ebay.com//11736
ENTITY#016,www.ebay.com//19019
ENTITY#016,www.ebay.com//19217
ENTITY#016,www.ebay.com//19456
ENTITY#016,www.ebay.com//20115
ENTITY#016,www.ebay.com//21698
ENTITY#016,www.ebay.com//21925
ENTITY#016,www.ebay.com//22949
ENTITY#016,www.ebay.com//23060
ENTITY#016,www.ebay.com//23137
ENTITY#016,www.ebay.com//23355
ENTITY#017,www.ebay.com//9497
ENTITY#017,www.ebay.com//11335
ENTITY#017,www.ebay.com//11892
ENTITY#017,www.ebay.com//14256
ENTITY#017,www.ebay.com//15624
ENTITY#017,www.ebay.com//16011
ENTITY#017,www.ebay.com//18178
ENTITY#017,www.ebay.com//19923
ENTITY#017,www.ebay.com//20375
ENTITY#017,www.ebay.com//20663
ENTITY#017,www.ebay.com//20879
ENTITY#017,www.ebay.com//20922
ENTITY#017,www.ebay.com//21935
ENTITY#017,www.ebay.com//22337
ENTITY#017,www.ebay.com//22602
ENTITY#017,www.ebay.com//22859
ENTITY#017,www.ebay.com//23521
ENTITY#018,www.makingbuyingeasy.co.uk//45
ENTITY#018,www.makingbuyingeasy.co.uk//374
ENTITY#018,catalog.com//430
ENTITY#018,catalog.com//538
ENTITY#018,www.ohc24.ch//811
ENTITY#018,www.best-deal-items.com//1946
ENTITY#018,www.ebay.com//11180
ENTITY#018,www.ebay.com//19377
ENTITY#018,www.ebay.com//20987
ENTITY#018,www.ebay.com//21512
ENTITY#019,www.ohc24.ch//18
ENTITY#019,www.ohc24.ch//89
ENTITY#019,www.ohc24.ch//160
ENTITY#019,www.makingbuyingeasy.co.uk//260
ENTITY#019,catalog.com//373
ENTITY#019,www.ohc24.ch//443
ENTITY#019,catalog.com//462
ENTITY#019,www.makingbuyingeasy.co.uk//479
ENTITY#019,www.makingbuyingeasy.co.uk//636
ENTITY#019,www.pcconnection.com//1754
ENTITY#019,www.ebay.com//14749
ENTITY#019,www.ebay.com//18113
ENTITY#019,www.ebay.com//19991
ENTITY#020,www.makingbuyingeasy.co.uk//34
ENTITY#020,www.makingbuyingeasy.co.uk//175
ENTITY#020,catalog.com//318
ENTITY#020,www.makingbuyingeasy.co.uk//366
ENTITY#020,www.ohc24.ch//412
ENTITY#020,www.makingbuyingeasy.co.uk//505
ENTITY#020,www.ebay.com//14937
ENTITY#020,www.ebay.com//18841
ENTITY#020,www.ebay.com//19291
ENTITY#020,www.ebay.com//20124
ENTITY#021,www.makingbuyingeasy.co.uk//51
ENTITY#021,www.best-deal-items.com//263
ENTITY#021,catalog.com//396
ENTITY#021,catalog.com//411
ENTITY#021,www.makingbuyingeasy.co.uk//461
ENTITY#021,www.makingbuyingeasy.co.uk//517
ENTITY#021,www.makingbuyingeasy.co.uk//629
ENTITY#021,www.best-deal-items.com//693
ENTITY#021,www.best-deal-items.com//1068
ENTITY#021,www.best-deal-items.com//1504
ENTITY#021,www.best-deal-items.com//2683
ENTITY#021,www.pcconnection.com//3682
ENTITY#021,www.ebay.com//9462
ENTITY#021,www.ebay.com//16381
ENTITY#021,www.ebay.com//18140
ENTITY#021,www.ebay.com//21492
ENTITY#021,www.ebay.com//23044
ENTITY#022,www.makingbuyingeasy.co.uk//134
ENTITY#022,www.itenergy.co.uk//229
ENTITY#022,www.xpcpro.com//246
ENTITY#022,www.planet-computer.it//249
ENTITY#022,www.cleverboxes.com//295
ENTITY#022,www.jrlinton.co.uk//410
ENTITY#022,www.ohc24.ch//780
ENTITY#022,www.kingsfieldcomputers.co.uk//842
ENTITY#022,www.imldirect.it//864
ENTITY#022,www.ebay.com//11038
ENTITY#023,www.mediashopuk.com//80
ENTITY#023,www.mrhightech.com//110
ENTITY#023,www.getprice.com.au//310
ENTITY#023,ca.pcpartpicker.com//563
ENTITY#023,www.softwarecity.ca//5771
ENTITY#025,www.planet-computer.it//16
ENTITY#025,www.mediashopuk.com//90
ENTITY#025,www.cleverboxes.com//91
ENTITY#025,www.mrhightech.com//164
ENTITY#025,www.xpcpro.com//274
ENTITY#025,www.imldirect.it//286
ENTITY#025,www.makingbuyingeasy.co.uk//311
ENTITY#025,www.ohc24.ch//574
ENTITY#025,www.itenergy.co.uk//684
ENTITY#025,www.kingsfieldcomputers.co.uk//788
ENTITY#025,www.jrlinton.co.uk//1540
ENTITY#026,www.mrhightech.com//1
ENTITY#026,www.mediashopuk.com//47
ENTITY#026,www.cleverboxes.com//87
ENTITY#026,www.itenergy.co.uk//214
ENTITY#026,www.planet-computer.it//288
ENTITY#026,www.xpcpro.com//304
ENTITY#026,www.makingbuyingeasy.co.uk//406
ENTITY#026,www.jrlinton.co.uk//429
ENTITY#026,www.imldirect.it//705
ENTITY#027,www.mrhightech.com//6
ENTITY#027,www.mediashopuk.com//16
ENTITY#027,www.kingsfieldcomputers.co.uk//123
ENTITY#027,www.cleverboxes.com//125
ENTITY#027,www.ohc24.ch//162
ENTITY#027,www.imldirect.it//230
ENTITY#027,www.planet-computer.it//247
ENTITY#027,www.xpcpro.com//319
ENTITY#027,www.itenergy.co.uk//405
ENTITY#027,www.makingbuyingeasy.co.uk//634
ENTITY#027,www.jrlinton.co.uk//772
ENTITY#028,www.xpcpro.com//1
ENTITY#028,www.mrhightech.com//84
ENTITY#028,www.mediashopuk.com//160
ENTITY#028,www.xpcpro.com//179
ENTITY#028,www.planet-computer.it//275
ENTITY#028,www.cleverboxes.com//322
ENTITY#028,www.cleverboxes.com//376
ENTITY#028,www.makingbuyingeasy.co.uk//576
ENTITY#028,www.kingsfieldcomputers.co.uk//669
ENTITY#028,www.imldirect.it//680
ENTITY#028,www.itenergy.co.uk//718
ENTITY#028,www.jrlinton.co.uk//940
ENTITY#028,www.jrlinton.co.uk//1028
ENTITY#028,www.softwarecity.ca//5418
ENTITY#029,ca.pcpartpicker.com//308
ENTITY#029,www.getprice.com.au//390
ENTITY#029,catalog.com//583
ENTITY#029,www.softwarecity.ca//5892
ENTITY#029,www.ebay.com//12074
ENTITY#029,www.ebay.com//16466
ENTITY#029,www.ebay.com//19018
ENTITY#029,www.ebay.com//19459
ENTITY#029,www.ebay.com//20254
ENTITY#029,www.ebay.com//21590
ENTITY#029,www.ebay.com//21853
ENTITY#029,www.ebay.com//22617
ENTITY#030,catalog.com//301
ENTITY#030,www.officedepot.com//319
ENTITY#030,ca.pcpartpicker.com//544
ENTITY#030,ce.yikus.com//580
ENTITY#030,www.pcconnection.com//1406
ENTITY#030,www.vology.com//2280
ENTITY#030,www.softwarecity.ca//5484
ENTITY#030,www.ebay.com//10883
ENTITY#030,www.ebay.com//12286
ENTITY#030,www.ebay.com//19564
ENTITY#030,www.ebay.com//20116
ENTITY#030,www.ebay.com//20203
ENTITY#030,www.ebay.com//23514
ENTITY#031,www.pc-canada.com//12
ENTITY#031,ca.pcpartpicker.com//182
ENTITY#031,www.pcconnection.com//410
ENTITY#031,ce.yikus.com//1316
ENTITY#031,www.best-deal-items.com//1640
ENTITY#031,www.vology.com//2315
ENTITY#031,www.softwarecity.ca//5753
ENTITY#031,www.ebay.com//9344
ENTITY#031,www.ebay.com//9834
ENTITY#031,www.ebay.com//16169
ENTITY#031,www.ebay.com//20812
ENTITY#031,www.ebay.com//23374
ENTITY#031,www.ebay.com//23516
ENTITY#032,www.xpcpro.com//140
ENTITY#032,www.planet-computer.it//151
ENTITY#032,www.getprice.com.au//192
ENTITY#032,ca.pcpartpicker.com//244
ENTITY#032,www.makingbuyingeasy.co.uk//304
ENTITY#032,www.cleverboxes.com//318
ENTITY#032,www.itenergy.co.uk//392
ENTITY#032,www.kingsfieldcomputers.co.uk//507
ENTITY#032,www.imldirect.it//550
ENTITY#032,www.jrlinton.co.uk//585
ENTITY#032,www.ohc24.ch//654
ENTITY#032,www.imldirect.it//856
ENTITY#032,www.jrlinton.co.uk//981
ENTITY#032,www.ebay.com//19695
ENTITY#033,www.ohc24.ch//100
ENTITY#033,www.xpcpro.com//134
ENTITY#033,www.planet-computer.it//204
ENTITY#033,www.cleverboxes.com//230
ENTITY#033,www.kingsfieldcomputers.co.uk//334
ENTITY#033,www.imldirect.it//462
ENTITY#033,ca.pcpartpicker.com//534
ENTITY#033,www.makingbuyingeasy.co.uk//557
ENTITY#033,www.jrlinton.co.uk//619
ENTITY#033,www.softwarecity.ca//5730
ENTITY#033,www.ebay.com//20045
ENTITY#034,www.cleverboxes.com//185
ENTITY#034,www.planet-computer.it//203
ENTITY#034,www.itenergy.co.uk//234
ENTITY#034,www.getprice.com.au//257
ENTITY#034,www.xpcpro.com//271
ENTITY#034,www.makingbuyingeasy.co.uk//567
ENTITY#034,ca.pcpartpicker.com//625
ENTITY#034,www.imldirect.it//769
ENTITY#034,ce.yikus.com//1364
ENTITY#034,www.jrlinton.co.uk//1882
ENTITY#034,www.softwarecity.ca//5871
ENTITY#035,www.xpcpro.com//67
ENTITY#035,www.hardware-planet.it//200
ENTITY#035,www.makingbuyingeasy.co.uk//207
ENTITY#035,www.imldirect.it//301
ENTITY#035,www.getprice.com.au//311
ENTITY#035,ca.pcpartpicker.com//322
ENTITY#035,www.ohc24.ch//377
ENTITY#035,www.kingsfieldcomputers.co.uk//777
ENTITY#035,www.jrlinton.co.uk//1074
ENTITY#036,www.planet-computer.it//55
ENTITY#036,www.xpcpro.com//155
ENTITY#036,www.kingsfieldcomputers.co.uk//167
ENTITY#036,www.itenergy.co.uk//217
ENTITY#036,www.pc-canada.com//384
ENTITY#036,www.imldirect.it//431
ENTITY#036,www.makingbuyingeasy.co.uk//559
ENTITY#036,www.jrlinton.co.uk//1072
ENTITY#036,www.softwarecity.ca//5446
ENTITY#037,www.getprice.com.au//149
ENTITY#037,www.planet-computer.it//244
ENTITY#037,www.xpcpro.com//253
ENTITY#037,www.cleverboxes.com//320
ENTITY#037,www.makingbuyingeasy.co.uk//538
ENTITY#037,www.imldirect.it//656
ENTITY#037,www.itenergy.co.uk//794
ENTITY#037,www.jrlinton.co.uk//959
ENTITY#037,www.jrlinton.co.uk//1623
ENTITY#038,www.ohc24.ch//83
ENTITY#038,www.ohc24.ch//316
ENTITY#038,www.itenergy.co.uk//727
ENTITY#038,www.jrlinton.co.uk//1855
ENTITY#039,www.cleverboxes.com//111
ENTITY#039,www.mrhightech.com//125
ENTITY#039,www.planet-computer.it//160
ENTITY#039,www.imldirect.it//167
ENTITY#039,www.mediashopuk.com//173
ENTITY#039,www.xpcpro.com//185
ENTITY#039,www.itenergy.co.uk//439
ENTITY#039,www.makingbuyingeasy.co.uk//486
ENTITY#039,www.kingsfieldcomputers.co.uk//676
ENTITY#039,www.itenergy.co.uk//725
ENTITY#039,www.jrlinton.co.uk//876
ENTITY#039,www.jrlinton.co.uk//1899
ENTITY#040,www.mediashopuk.com//1
ENTITY#040,www.cleverboxes.com//14
ENTITY#040,www.mrhightech.com//55
ENTITY#040,www.planet-computer.it//130
ENTITY#040,www.getprice.com.au//381
ENTITY#040,www.makingbuyingeasy.co.uk//405
ENTITY#040,www.itenergy.co.uk//505
ENTITY#040,www.kingsfieldcomputers.co.uk//707
ENTITY#040,www.imldirect.it//888
ENTITY#040,www.jrlinton.co.uk//1856
ENTITY#041,www.makingbuyingeasy.co.uk//47
ENTITY#041,www.mrhightech.com//62
ENTITY#041,www.mediashopuk.com//85
ENTITY#041,www.cleverboxes.com//124
ENTITY#041,www.imldirect.it//135
ENTITY#041,www.planet-computer.it//224
ENTITY#041,www.xpcpro.com//234
ENTITY#041,www.kingsfieldcomputers.co.uk//296
ENTITY#041,www.itenergy.co.uk//464
ENTITY#041,www.jrlinton.co.uk//701
ENTITY#041,www.softwarecity.ca//5669
ENTITY#042,www.kingsfieldcomputers.co.uk//24
ENTITY#042,www.mrhightech.com//82
ENTITY#042,www.hardware-planet.it//165
ENTITY#042,www.mediashopuk.com//169
ENTITY#042,www.imldirect.it//189
ENTITY#042,www.imldirect.it//391
ENTITY#042,www.jrlinton.co.uk//461
ENTITY#042,www.jrlinton.co.uk//650
ENTITY#042,www.itenergy.co.uk//655
ENTITY#042,www.jrlinton.co.uk//1025
ENTITY#042,www.jrlinton.co.uk//1050
ENTITY#043,www.planet-computer.it//17
ENTITY#043,ca.pcpartpicker.com//25
ENTITY#043,www.officedepot.com//134
ENTITY#043,www.ebay.com//10062
ENTITY#043,www.ebay.com//11464
ENTITY#043,www.ebay.com//14690
ENTITY#043,www.ebay.com//15390
ENTITY#043,www.ebay.com//15418
ENTITY#043,www.ebay.com//22722
ENTITY#044,www.makingbuyingeasy.co.uk//6
ENTITY#044,www.planet-computer.it//156
ENTITY#044,www.getprice.com.au//225
ENTITY#044,www.imldirect.it//476
ENTITY#044,www.itenergy.co.uk//675
ENTITY#044,ca.pcpartpicker.com//706
ENTITY#044,www.kingsfieldcomputers.co.uk//735
ENTITY#044,ce.yikus.com//743
ENTITY#044,www.jrlinton.co.uk//1876
ENTITY#044,www.softwarecity.ca//5804
ENTITY#044,www.ebay.com//19363
ENTITY#045,www.cleverboxes.com//9
ENTITY#045,www.planet-computer.it//28
ENTITY#045,www.kingsfieldcomputers.co.uk//206
ENTITY#045,www.imldirect.it//220
ENTITY#045,www.getprice.com.au//356
ENTITY#045,www.jrlinton.co.uk//395
ENTITY#045,ca.pcpartpicker.com//430
ENTITY#045,www.softwarecity.ca//5842
ENTITY#045,www.ebay.com//23328
ENTITY#046,www.kingsfieldcomputers.co.uk//2
ENTITY#046,www.itenergy.co.uk//194
ENTITY#046,www.getprice.com.au//241
ENTITY#046,www.hardware-planet.it//270
ENTITY#046,www.imldirect.it//529
ENTITY#046,ca.pcpartpicker.com//611
ENTITY#046,www.jrlinton.co.uk//823
ENTITY#046,www.pcconnection.com//2880
ENTITY#047,www.best-deal-items.com//889
ENTITY#047,www.best-deal-items.com//889
ENTITY#048,www.getprice.com.au//195
ENTITY#048,www.getprice.com.au//198
ENTITY#048,www.getprice.com.au//298
ENTITY#048,www.getprice.com.au//304
ENTITY#048,www.getprice.com.au//306
ENTITY#048,www.getprice.com.au//347
ENTITY#048,www.getprice.com.au//376
ENTITY#049,www.ebay.com//11551
ENTITY#049,www.ebay.com//21018
ENTITY#049,www.ebay.com//21018
ENTITY#049,www.ebay.com//21054
ENTITY#049,www.ebay.com//22747
ENTITY#049,www.ebay.com//23401
ENTITY#049,www.ebay.com//23569
ENTITY#050,www.cleverboxes.com//113
ENTITY#050,www.imldirect.it//155
ENTITY#050,www.planet-computer.it//165
ENTITY#050,www.getprice.com.au//249
ENTITY#050,www.xpcpro.com//296
ENTITY#050,www.kingsfieldcomputers.co.uk//637
ENTITY#050,www.itenergy.co.uk//739
ENTITY#050,www.jrlinton.co.uk//1716
ENTITY#050,www.ebay.com//22284
ENTITY#051,www.ebay.com//14641
ENTITY#051,www.ebay.com//22762
ENTITY#052,www.best-deal-items.com//1463
ENTITY#052,www.best-deal-items.com//1978
ENTITY#052,www.ebay.com//10881
ENTITY#052,www.ebay.com//11384
ENTITY#052,www.ebay.com//16788
ENTITY#052,www.ebay.com//19077
ENTITY#052,www.ebay.com//20289
ENTITY#052,www.ebay.com//21369
ENTITY#052,www.ebay.com//23725
ENTITY#054,www.best-deal-items.com//1419
ENTITY#054,www.ebay.com//15640
ENTITY#054,www.ebay.com//16653
ENTITY#054,www.ebay.com//18894
ENTITY#054,www.ebay.com//19423
ENTITY#054,www.ebay.com//20191
ENTITY#054,www.ebay.com//22524
ENTITY#054,www.ebay.com//22929
ENTITY#054,www.ebay.com//23008
ENTITY#054,www.ebay.com//23531
ENTITY#055,catalog.com//289
ENTITY#055,www.pcconnection.com//399
ENTITY#055,www.softwarecity.ca//5439
ENTITY#055,www.ebay.com//19006
ENTITY#055,www.ebay.com//21404
ENTITY#055,www.ebay.com//21660
ENTITY#056,www.ebay.com//9379
ENTITY#056,www.ebay.com//9382
ENTITY#056,www.ebay.com//15546
ENTITY#056,www.ebay.com//18885
ENTITY#056,www.ebay.com//19232
ENTITY#056,www.ebay.com//19591
ENTITY#056,www.ebay.com//20682
ENTITY#056,www.ebay.com//21107
ENTITY#056,www.ebay.com//21602
ENTITY#056,www.ebay.com//22948
ENTITY#057,www.ebay.com//9779
ENTITY#057,www.ebay.com//11386
ENTITY#057,www.ebay.com//11653
ENTITY#057,www.ebay.com//14807
ENTITY#057,www.ebay.com//14918
ENTITY#057,www.ebay.com//15669
ENTITY#057,www.ebay.com//15888
ENTITY#057,www.ebay.com//16280
ENTITY#057,www.ebay.com//16408
ENTITY#057,www.ebay.com//17030
ENTITY#057,www.ebay.com//17072
ENTITY#057,www.ebay.com//18920
ENTITY#057,www.ebay.com//19440
ENTITY#057,www.ebay.com//19844
ENTITY#057,www.ebay.com//20855
ENTITY#057,www.ebay.com//21994
ENTITY#057,www.ebay.com//22449
ENTITY#057,www.ebay.com//22640
ENTITY#057,www.ebay.com//23156
ENTITY#058,www.best-deal-items.com//106
ENTITY#058,www.best-deal-items.com//300
ENTITY#058,www.best-deal-items.com//654
ENTITY#058,www.best-deal-items.com//1253
ENTITY#058,www.best-deal-items.com//1482
ENTITY#058,www.best-deal-items.com//1606
ENTITY#058,www.best-deal-items.com//2103
ENTITY#058,www.best-deal-items.com//2211
ENTITY#058,www.best-deal-items.com//2315
ENTITY#058,www.best-deal-items.com//2614
ENTITY#058,www.ebay.com//16669
ENTITY#058,www.ebay.com//18591
ENTITY#058,www.ebay.com//22564
ENTITY#058,www.ebay.com//22743
ENTITY#059,www.best-deal-items.com//655
ENTITY#059,www.best-deal-items.com//897
ENTITY#059,www.best-deal-items.com//2333
ENTITY#059,www.ebay.com//9354
ENTITY#060,www.best-deal-items.com//47
ENTITY#060,www.nexus-t.co.uk//65
ENTITY#060,www.makingbuyingeasy.co.uk//72
ENTITY#060,www.best-deal-items.com//105
ENTITY#060,www.best-deal-items.com//152
ENTITY#060,www.best-deal-items.com//998
ENTITY#060,www.best-deal-items.com//1190
ENTITY#060,www.best-deal-items.com//1561
ENTITY#060,www.best-deal-items.com//1604
ENTITY#060,www.best-deal-items.com//2063
ENTITY#060,www.best-deal-items.com//2154
ENTITY#062,www.xpcpro.com//73
ENTITY#062,www.getprice.com.au//167
ENTITY#062,www.ohc24.ch//183
ENTITY#062,www.planet-computer.it//201
ENTITY#062,www.makingbuyingeasy.co.uk//232
ENTITY#062,www.cleverboxes.com//245
ENTITY#062,www.pc-canada.com//347
ENTITY#062,www.imldirect.it//464
ENTITY#062,www.jrlinton.co.uk//600
ENTITY#062,www.kingsfieldcomputers.co.uk//764
ENTITY#062,www.softwarecity.ca//5801
ENTITY#063,www.ebay.com//15640
ENTITY#063,www.ebay.com//16653
ENTITY#063,www.ebay.com//18894
ENTITY#063,www.ebay.com//19423
ENTITY#063,www.ebay.com//20191
ENTITY#063,www.ebay.com//22524
ENTITY#063,www.ebay.com//22929
ENTITY#063,www.ebay.com//23008
ENTITY#063,www.ebay.com//23531
ENTITY#065,www.ebay.com//14921
ENTITY#065,www.ebay.com//19635
ENTITY#065,www.ebay.com//19688
ENTITY#065,www.ebay.com//23209
ENTITY#065,www.ebay.com//23369
ENTITY#066,catalog.com//327
ENTITY#066,www.pcconnection.com//3219
ENTITY#066,www.softwarecity.ca//5442
ENTITY#066,www.ebay.com//14362
ENTITY#066,www.ebay.com//16736
ENTITY#066,www.ebay.com//18576
ENTITY#066,www.ebay.com//18983
ENTITY#066,www.ebay.com//19247
ENTITY#066,www.ebay.com//20618
ENTITY#066,www.ebay.com//22500
ENTITY#066,www.ebay.com//22572
ENTITY#066,www.ebay.com//22907
ENTITY#066,www.ebay.com//23056
ENTITY#067,www.best-deal-items.com//578
ENTITY#067,www.best-deal-items.com//1119
ENTITY#067,www.best-deal-items.com//1176
ENTITY#067,www.best-deal-items.com//1232
ENTITY#067,www.best-deal-items.com//1391
ENTITY#067,www.best-deal-items.com//1641
ENTITY#067,www.best-deal-items.com//2178
ENTITY#067,www.best-deal-items.com//2728
ENTITY#067,www.ebay.com//11998
ENTITY#067,www.ebay.com//18724
ENTITY#067,www.ebay.com//21134
ENTITY#067,www.ebay.com//21645
ENTITY#067,www.ebay.com//21854
ENTITY#067,www.ebay.com//23158
ENTITY#068,www.makingbuyingeasy.co.uk//68
ENTITY#068,www.odsi.co.uk//114
ENTITY#068,www.xpcpro.com//162
ENTITY#068,www.odsi.co.uk//194
ENTITY#068,www.makingbuyingeasy.co.uk//216
ENTITY#068,www.xpcpro.com//242
ENTITY#068,www.best-deal-items.com//637
ENTITY#068,www.best-deal-items.com//700
ENTITY#068,www.best-deal-items.com//848
ENTITY#068,www.best-deal-items.com//878
ENTITY#068,www.best-deal-items.com//1743
ENTITY#068,www.best-deal-items.com//1862
ENTITY#068,www.best-deal-items.com//2029
ENTITY#068,www.best-deal-items.com//2151
ENTITY#068,www.best-deal-items.com//2173
ENTITY#068,www.best-deal-items.com//2690
ENTITY#069,www.best-deal-items.com//379
ENTITY#069,www.best-deal-items.com//583
ENTITY#069,www.best-deal-items.com//599
ENTITY#069,www.best-deal-items.com//867
ENTITY#069,www.best-deal-items.com//953
ENTITY#069,www.best-deal-items.com//1236
ENTITY#069,www.best-deal-items.com//1312
ENTITY#069,www.best-deal-items.com//1357
ENTITY#069,www.best-deal-items.com//1399
ENTITY#069,www.best-deal-items.com//1750
ENTITY#069,www.best-deal-items.com//2180
ENTITY#069,www.best-deal-items.com//2666
ENTITY#069,www.ebay.com//11563
ENTITY#069,www.ebay.com//18212
ENTITY#069,www.ebay.com//21421
ENTITY#069,www.ebay.com//22727
ENTITY#070,www.best-deal-items.com//230
ENTITY#070,www.best-deal-items.com//232
ENTITY#070,www.best-deal-items.com//343
ENTITY#070,www.best-deal-items.com//357
ENTITY#070,www.best-deal-items.com//451
ENTITY#070,www.best-deal-items.com//453
ENTITY#070,www.best-deal-items.com//1193
ENTITY#070,www.best-deal-items.com//1256
ENTITY#070,www.best-deal-items.com//1456
ENTITY#070,www.best-deal-items.com//1541
ENTITY#070,www.best-deal-items.com//1710
ENTITY#070,www.best-deal-items.com//1837
ENTITY#070,www.best-deal-items.com//2117
ENTITY#070,www.best-deal-items.com//2250
ENTITY#070,www.best-deal-items.com//2432
ENTITY#070,www.best-deal-items.com//2557
ENTITY#070,www.best-deal-items.com//2603
ENTITY#070,www.best-deal-items.com//2717
ENTITY#070,www.best-deal-items.com//2783
ENTITY#070,www.ebay.com//18638
ENTITY#070,www.ebay.com//21736
ENTITY#070,www.ebay.com//22840
ENTITY#070,www.ebay.com//23574
ENTITY#070,www.ebay.com//23697
ENTITY#070,www.ebay.com//23705
ENTITY#072,www.best-deal-items.com//56
ENTITY#072,www.best-deal-items.com//198
ENTITY#072,www.best-deal-items.com//1053
ENTITY#072,www.best-deal-items.com//1120
ENTITY#072,www.best-deal-items.com//1381
ENTITY#072,www.best-deal-items.com//2537
ENTITY#072,www.best-deal-items.com//2547
ENTITY#072,www.ebay.com//16912
ENTITY#072,www.ebay.com//17055
ENTITY#072,www.ebay.com//20706
ENTITY#072,www.ebay.com//22040
ENTITY#073,www.best-deal-items.com//70
ENTITY#073,www.best-deal-items.com//363
ENTITY#073,www.best-deal-items.com//829
ENTITY#073,www.best-deal-items.com//909
ENTITY#073,www.best-deal-items.com//1213
ENTITY#073,www.best-deal-items.com//1479
ENTITY#073,www.best-deal-items.com//1885
ENTITY#073,www.best-deal-items.com//2114
ENTITY#073,www.ebay.com//11844
ENTITY#073,www.ebay.com//19489
ENTITY#073,www.ebay.com//20100
ENTITY#073,www.ebay.com//21425
ENTITY#073,www.ebay.com//21540
ENTITY#073,www.ebay.com//23039
ENTITY#075,www.best-deal-items.com//127
ENTITY#075,www.best-deal-items.com//244
ENTITY#075,www.best-deal-items.com//283
ENTITY#075,www.best-deal-items.com//283
ENTITY#075,www.best-deal-items.com//368
ENTITY#075,www.best-deal-items.com//368
ENTITY#075,www.best-deal-items.com//1044
ENTITY#075,www.best-deal-items.com//1205
ENTITY#075,www.best-deal-items.com//1205
ENTITY#075,www.best-deal-items.com//1383
ENTITY#075,www.best-deal-items.com//1383
ENTITY#075,www.best-deal-items.com//1385
ENTITY#075,www.best-deal-items.com//1385
ENTITY#075,www.best-deal-items.com//1733
ENTITY#075,www.best-deal-items.com//1733
ENTITY#075,www.best-deal-items.com//1903
ENTITY#075,www.best-deal-items.com//2546
ENTITY#075,www.best-deal-items.com//2546
ENTITY#075,www.best-deal-items.com//2621
ENTITY#075,www.best-deal-items.com//2621
ENTITY#075,www.best-deal-items.com//2629
ENTITY#075,www.best-deal-items.com//2629
ENTITY#075,www.best-deal-items.com//2686
ENTITY#075,www.best-deal-items.com//2686
ENTITY#075,www.ebay.com//14813
ENTITY#075,www.ebay.com//14813
ENTITY#075,www.ebay.com//18069
ENTITY#075,www.ebay.com//18069
ENTITY#075,www.ebay.com//19080
ENTITY#075,www.ebay.com//19080
ENTITY#075,www.ebay.com//21328
ENTITY#075,www.ebay.com//21328
ENTITY#075,www.ebay.com//23633
ENTITY#076,www.pc-canada.com//353
ENTITY#076,ca.pcpartpicker.com//400
ENTITY#076,www.vology.com//2423
ENTITY#076,www.vology.com//2447
ENTITY#077,www.makingbuyingeasy.co.uk//252
ENTITY#077,www.cleverboxes.com//524
ENTITY#077,catalog.com//603
ENTITY#077,www.vology.com//2329
ENTITY#077,www.best-deal-items.com//2354
ENTITY#077,www.ebay.com//19898
ENTITY#077,www.ebay.com//20240
ENTITY#077,www.ebay.com//20972
ENTITY#077,www.ebay.com//21726
ENTITY#078,www.pcconnection.com//79
ENTITY#078,www.makingbuyingeasy.co.uk//383
ENTITY#078,www.makingbuyingeasy.co.uk//507
ENTITY#078,www.softwarecity.ca//1596
ENTITY#078,www.vology.com//2442
ENTITY#078,www.softwarecity.ca//5727
ENTITY#078,www.ebay.com//10903
ENTITY#078,www.ebay.com//18869
ENTITY#078,www.ebay.com//19931
ENTITY#078,www.ebay.com//21008
ENTITY#079,www.makingbuyingeasy.co.uk//85
ENTITY#079,ca.pcpartpicker.com//264
ENTITY#079,www.cleverboxes.com//281
ENTITY#079,www.getprice.com.au//394
ENTITY#079,www.shopmania.com//660
ENTITY#079,www.vology.com//2257
ENTITY#079,www.ebay.com//19230
ENTITY#079,www.ebay.com//19880
ENTITY#079,www.ebay.com//20181
ENTITY#079,www.ebay.com//21775
ENTITY#079,www.ebay.com//22962
ENTITY#079,www.ebay.com//23688
ENTITY#080,www.hardware-planet.it//8
ENTITY#080,www.makingbuyingeasy.co.uk//79
ENTITY#080,www.mrhightech.com//118
ENTITY#080,www.mediashopuk.com//164
ENTITY#080,www.ohc24.ch//278
ENTITY#080,www.xpcpro.com//282
ENTITY#080,www.makingbuyingeasy.co.uk//385
ENTITY#080,www.imldirect.it//606
ENTITY#080,www.kingsfieldcomputers.co.uk//693
ENTITY#080,www.itenergy.co.uk//700
ENTITY#081,ca.pcpartpicker.com//44
ENTITY#081,www.pc-canada.com//324
ENTITY#081,ca.pcpartpicker.com//537
ENTITY#081,www.vology.com//2485
ENTITY#081,www.vology.com//2668
ENTITY#082,www.xpcpro.com//11
ENTITY#082,www.xpcpro.com//95
ENTITY#082,www.odsi.co.uk//134
ENTITY#082,www.mediashopuk.com//137
ENTITY#082,www.mrhightech.com//139
ENTITY#082,www.officedepot.com//173
ENTITY#082,www.cleverboxes.com//212
ENTITY#082,www.cleverboxes.com//249
ENTITY#082,www.makingbuyingeasy.co.uk//392
ENTITY#082,catalog.com//493
ENTITY#082,www.ebay.com//9711
ENTITY#082,www.ebay.com//21354
ENTITY#083,www.xpcpro.com//72
ENTITY#083,www.kingsfieldcomputers.co.uk//229
ENTITY#083,www.officedepot.com//284
ENTITY#083,www.pc-canada.com//286
ENTITY#083,www.getprice.com.au//365
ENTITY#083,www.imldirect.it//759
ENTITY#083,www.jrlinton.co.uk//916
ENTITY#083,www.jrlinton.co.uk//1057
ENTITY#083,www.softwarecity.ca//5425
ENTITY#083,www.softwarecity.ca//5448
ENTITY#083,www.ebay.com//15801
ENTITY#083,www.ebay.com//16258
ENTITY#083,www.ebay.com//16372
ENTITY#083,www.ebay.com//19835
ENTITY#083,www.ebay.com//21057
ENTITY#083,www.ebay.com//22347
ENTITY#083,www.ebay.com//22898
ENTITY#084,www.odsi.co.uk//80
ENTITY#084,www.xpcpro.com//133
ENTITY#084,www.makingbuyingeasy.co.uk//136
ENTITY#084,www.cleverboxes.com//243
ENTITY#084,www.xpcpro.com//325
ENTITY#084,www.cleverboxes.com//378
ENTITY#084,www.softwarecity.ca//5749
ENTITY#084,www.ebay.com//11924
ENTITY#084,www.ebay.com//12284
ENTITY#084,www.ebay.com//17009
ENTITY#084,www.ebay.com//21548
ENTITY#085,www.makingbuyingeasy.co.uk//20
ENTITY#085,www.shopmania.com//25
ENTITY#085,www.cleverboxes.com//46
ENTITY#085,www.getprice.com.au//158
ENTITY#085,www.officedepot.com//180
ENTITY#085,www.ohc24.ch//509
ENTITY#085,ca.pcpartpicker.com//589
ENTITY#085,www.vology.com//2404
ENTITY#085,www.ebay.com//10013
ENTITY#085,www.ebay.com//12103
ENTITY#085,www.ebay.com//19529
ENTITY#085,www.ebay.com//19922
ENTITY#085,www.ebay.com//20709
ENTITY#085,www.ebay.com//20910
ENTITY#085,www.ebay.com//22256
ENTITY#085,www.ebay.com//23354
ENTITY#085,www.ebay.com//23676
ENTITY#086,www.makingbuyingeasy.co.uk//95
ENTITY#086,www.getprice.com.au//244
ENTITY#086,www.makingbuyingeasy.co.uk//460
ENTITY#086,www.softwarecity.ca//1541
ENTITY#086,www.softwarecity.ca//1579
ENTITY#086,www.best-deal-items.com//2331
ENTITY#086,www.best-deal-items.com//2589
ENTITY#086,www.ebay.com//9426
ENTITY#086,www.ebay.com//21745
ENTITY#087,www.hardware-planet.it//87
ENTITY#087,www.nexus-t.co.uk//105
ENTITY#087,www.officedepot.com//139
ENTITY#087,www.planet-computer.it//223
ENTITY#087,www.getprice.com.au//227
ENTITY#087,www.xpcpro.com//314
ENTITY#087,ce.yikus.com//533
ENTITY#087,ca.pcpartpicker.com//660
ENTITY#087,www.jrlinton.co.uk//663
ENTITY#087,www.jrlinton.co.uk//682
ENTITY#087,www.imldirect.it//770
ENTITY#087,www.pcconnection.com//2862
ENTITY#087,www.softwarecity.ca//5912
ENTITY#087,www.ebay.com//11985
ENTITY#087,www.ebay.com//19992
ENTITY#087,www.ebay.com//20037
ENTITY#088,www.mrhightech.com//7
ENTITY#088,www.mediashopuk.com//11
ENTITY#088,www.kingsfieldcomputers.co.uk//93
ENTITY#088,www.hardware-planet.it//180
ENTITY#088,www.makingbuyingeasy.co.uk//296
ENTITY#088,www.cleverboxes.com//328
ENTITY#088,www.ohc24.ch//647
ENTITY#088,www.imldirect.it//872
ENTITY#088,www.jrlinton.co.uk//1710
ENTITY#089,www.nexus-t.co.uk//5
ENTITY#089,www.xpcpro.com//104
ENTITY#089,www.hardware-planet.it//176
ENTITY#089,www.best-deal-items.com//237
ENTITY#089,www.planet-computer.it//280
ENTITY#089,www.makingbuyingeasy.co.uk//482
ENTITY#089,www.imldirect.it//586
ENTITY#089,www.jrlinton.co.uk//599
ENTITY#089,www.best-deal-items.com//608
ENTITY#089,www.best-deal-items.com//1047
ENTITY#089,www.best-deal-items.com//1320
ENTITY#089,www.best-deal-items.com//1512
ENTITY#089,www.best-deal-items.com//1882
ENTITY#089,www.best-deal-items.com//1909
ENTITY#089,www.best-deal-items.com//2496
ENTITY#090,www.mediashopuk.com//88
ENTITY#090,www.xpcpro.com//110
ENTITY#090,www.mrhightech.com//134
ENTITY#090,www.planet-computer.it//248
ENTITY#090,www.hardware-planet.it//285
ENTITY#090,ca.pcpartpicker.com//445
ENTITY#090,www.cleverboxes.com//477
ENTITY#090,www.makingbuyingeasy.co.uk//566
ENTITY#090,www.jrlinton.co.uk//843
ENTITY#090,www.ebay.com//20657
ENTITY#090,www.ebay.com//21207
ENTITY#091,www.nexus-t.co.uk//45
ENTITY#091,www.planet-computer.it//48
ENTITY#091,www.hardware-planet.it//94
ENTITY#091,www.makingbuyingeasy.co.uk//105
ENTITY#091,www.imldirect.it//137
ENTITY#091,www.xpcpro.com//283
ENTITY#091,www.cleverboxes.com//297
ENTITY#091,ca.pcpartpicker.com//331
ENTITY#091,www.pcconnection.com//1341
ENTITY#091,www.jrlinton.co.uk//1531
ENTITY#091,www.softwarecity.ca//5453
ENTITY#091,www.ebay.com//19487
ENTITY#092,www.odsi.co.uk//64
ENTITY#092,www.xpcpro.com//195
ENTITY#092,www.xpcpro.com//198
ENTITY#092,www.makingbuyingeasy.co.uk//276
ENTITY#092,www.officedepot.com//320
ENTITY#092,www.cleverboxes.com//332
ENTITY#092,www.ebay.com//19843
ENTITY#092,www.ebay.com//20102
ENTITY#092,www.ebay.com//20427
ENTITY#093,www.nexus-t.co.uk//74
ENTITY#093,www.nexus-t.co.uk//74
ENTITY#093,www.ohc24.ch//107
ENTITY#093,www.planet-computer.it//147
ENTITY#093,www.planet-computer.it//147
ENTITY#093,www.makingbuyingeasy.co.uk//268
ENTITY#093,www.getprice.com.au//300
ENTITY#093,ca.pcpartpicker.com//487
ENTITY#093,ca.pcpartpicker.com//487
ENTITY#093,www.shopmania.com//674
ENTITY#093,www.shopmania.com//674
ENTITY#093,www.pcconnection.com//3164
ENTITY#093,www.pcconnection.com//3164
ENTITY#093,www.softwarecity.ca//5729
ENTITY#093,www.softwarecity.ca//5729
ENTITY#093,www.ebay.com//23079
ENTITY#094,www.nexus-t.co.uk//114
ENTITY#094,www.cleverboxes.com//304
ENTITY#094,www.getprice.com.au//386
ENTITY#094,www.shopmania.com//671
ENTITY#094,www.pcconnection.com//3693
ENTITY#094,www.ebay.com//22453
ENTITY#095,www.best-deal-items.com//3
ENTITY#095,www.mediashopuk.com//76
ENTITY#095,www.xpcpro.com//97
ENTITY#095,www.odsi.co.uk//136
ENTITY#095,www.mrhightech.com//173
ENTITY#095,www.cleverboxes.com//189
ENTITY#095,www.xpcpro.com//227
ENTITY#095,www.officedepot.com//247
ENTITY#095,www.makingbuyingeasy.co.uk//501
ENTITY#095,catalog.com//531
ENTITY#095,www.ebay.com//11409
ENTITY#095,www.ebay.com//20612
ENTITY#095,www.ebay.com//21614
ENTITY#096,www.best-deal-items.com//131
ENTITY#096,www.best-deal-items.com//575
ENTITY#096,www.best-deal-items.com//1330
ENTITY#096,www.best-deal-items.com//1540
ENTITY#096,www.best-deal-items.com//1664
ENTITY#096,www.best-deal-items.com//1767
ENTITY#096,www.best-deal-items.com//1768
ENTITY#096,www.best-deal-items.com//1864
ENTITY#096,www.best-deal-items.com//1904
ENTITY#096,www.best-deal-items.com//1960
ENTITY#096,www.best-deal-items.com//2005
ENTITY#096,www.best-deal-items.com//2232
ENTITY#096,www.best-deal-items.com//2456
ENTITY#096,www.best-deal-items.com//2608
ENTITY#097,www.best-deal-items.com//1651
ENTITY#098,www.best-deal-items.com//10
ENTITY#098,www.best-deal-items.com//522
ENTITY#098,www.best-deal-items.com//942
ENTITY#098,www.best-deal-items.com//1308
ENTITY#098,www.best-deal-items.com//1688
ENTITY#098,www.best-deal-items.com//1998
ENTITY#098,www.best-deal-items.com//2097
ENTITY#098,www.best-deal-items.com//2267
ENTITY#098,www.best-deal-items.com//2581
ENTITY#099,www.planet-computer.it//27
ENTITY#099,www.nexus-t.co.uk//40
ENTITY#099,www.xpcpro.com//117
ENTITY#099,www.getprice.com.au//213
ENTITY#099,www.hardware-planet.it//229
ENTITY#099,www.makingbuyingeasy.co.uk//241
ENTITY#099,www.pcconnection.com//247
ENTITY#099,www.pc-canada.com//285
ENTITY#099,www.cleverboxes.com//308
ENTITY#099,www.imldirect.it//514
ENTITY#099,www.jrlinton.co.uk//589
ENTITY#099,ca.pcpartpicker.com//657
ENTITY#099,www.softwarecity.ca//5788
ENTITY#100,www.pc-canada.com//4
ENTITY#100,www.shopmania.com//38
ENTITY#100,www.nexus-t.co.uk//92
ENTITY#100,www.makingbuyingeasy.co.uk//191
ENTITY#100,www.makingbuyingeasy.co.uk//259
ENTITY#100,www.getprice.com.au//281
ENTITY#100,ca.pcpartpicker.com//402
ENTITY#100,www.makingbuyingeasy.co.uk//646
ENTITY#100,www.best-deal-items.com//653
ENTITY#100,www.ebay.com//23735
ENTITY#101,www.best-deal-items.com//205
ENTITY#101,www.best-deal-items.com//285
ENTITY#101,www.best-deal-items.com//1404
ENTITY#101,www.best-deal-items.com//1538
ENTITY#101,www.best-deal-items.com//1636
ENTITY#101,www.best-deal-items.com//1802
ENTITY#101,www.best-deal-items.com//1815
ENTITY#101,www.best-deal-items.com//2360
ENTITY#102,ca.pcpartpicker.com//55
ENTITY#102,www.hardware-planet.it//245
ENTITY#102,ce.yikus.com//251
ENTITY#102,www.cleverboxes.com//365
ENTITY#102,www.cleverboxes.com//385
ENTITY#102,www.makingbuyingeasy.co.uk//395
ENTITY#102,www.itenergy.co.uk//782
ENTITY#102,www.jrlinton.co.uk//1649
ENTITY#102,www.ebay.com//10867
ENTITY#102,www.ebay.com//22636
ENTITY#103,www.hardware-planet.it//5
ENTITY#103,www.mrhightech.com//81
ENTITY#103,www.mediashopuk.com//158
ENTITY#103,www.imldirect.it//169
ENTITY#103,www.cleverboxes.com//402
ENTITY#103,www.makingbuyingeasy.co.uk//459
ENTITY#103,www.itenergy.co.uk//518
ENTITY#103,www.kingsfieldcomputers.co.uk//739
ENTITY#103,www.best-deal-items.com//1663
ENTITY#103,www.jrlinton.co.uk//1801
ENTITY#104,www.getprice.com.au//142
ENTITY#104,ca.pcpartpicker.com//186
ENTITY#104,www.officedepot.com//266
ENTITY#104,catalog.com//617
ENTITY#104,ce.yikus.com//896
ENTITY#104,www.pcconnection.com//3476
ENTITY#104,www.softwarecity.ca//5763
ENTITY#104,www.ebay.com//10090
ENTITY#104,www.ebay.com//10772
ENTITY#104,www.ebay.com//15514
ENTITY#104,www.ebay.com//17093
ENTITY#104,www.ebay.com//19362
ENTITY#104,www.ebay.com//21476
ENTITY#105,www.best-deal-items.com//638
ENTITY#105,www.best-deal-items.com//1218
ENTITY#105,www.best-deal-items.com//1600
ENTITY#105,www.best-deal-items.com//1943
ENTITY#105,www.best-deal-items.com//2087
ENTITY#105,www.best-deal-items.com//2194
ENTITY#105,www.best-deal-items.com//2430
ENTITY#105,www.best-deal-items.com//2797
ENTITY#105,www.ebay.com//20336
ENTITY#105,www.ebay.com//21224
ENTITY#106,www.best-deal-items.com//296
ENTITY#106,www.best-deal-items.com//349
ENTITY#106,www.best-deal-items.com//438
ENTITY#106,www.best-deal-items.com//571
ENTITY#106,www.best-deal-items.com//1067
ENTITY#106,www.best-deal-items.com//1116
ENTITY#106,www.best-deal-items.com//1141
ENTITY#106,www.best-deal-items.com//1619
ENTITY#106,www.best-deal-items.com//2161
ENTITY#106,www.best-deal-items.com//2248
ENTITY#106,www.ebay.com//16445
ENTITY#106,www.ebay.com//17128
ENTITY#106,www.ebay.com//19771
ENTITY#106,www.ebay.com//21619
ENTITY#107,ca.pcpartpicker.com//99
ENTITY#107,www.getprice.com.au//287
ENTITY#107,www.officedepot.com//309
ENTITY#107,ca.pcpartpicker.com//364
ENTITY#107,catalog.com//400
ENTITY#107,www.softwarecity.ca//1599
ENTITY#107,www.vology.com//2193
ENTITY#107,www.pcconnection.com//2197
ENTITY#107,www.vology.com//2439
ENTITY#107,www.vology.com//2552
ENTITY#107,www.vology.com//2581
ENTITY#107,www.vology.com//2698
ENTITY#107,www.pcconnection.com//3064
ENTITY#107,www.ebay.com//9397
ENTITY#107,www.ebay.com//14342
ENTITY#107,www.ebay.com//21588
ENTITY#107,www.ebay.com//21675
ENTITY#108,www.xpcpro.com//39
ENTITY#108,www.officedepot.com//124
ENTITY#108,www.cleverboxes.com//482
ENTITY#108,www.best-deal-items.com//814
ENTITY#108,www.best-deal-items.com//1257
ENTITY#108,ce.yikus.com//1352
ENTITY#108,www.best-deal-items.com//1533
ENTITY#108,www.best-deal-items.com//2336
ENTITY#108,www.ebay.com//11356
ENTITY#108,www.ebay.com//21028
ENTITY#108,www.ebay.com//22041
ENTITY#108,www.ebay.com//23055
ENTITY#109,www.best-deal-items.com//121
ENTITY#109,www.best-deal-items.com//2035
ENTITY#109,www.vology.com//2179
ENTITY#109,www.vology.com//2475
ENTITY#111,www.cleverboxes.com//65
ENTITY#111,www.odsi.co.uk//117
ENTITY#111,www.getprice.com.au//295
ENTITY#111,www.pc-canada.com//369
ENTITY#111,www.cleverboxes.com//451
ENTITY#111,www.vology.com//2367
ENTITY#112,ca.pcpartpicker.com//101
ENTITY#112,ca.pcpartpicker.com//102
ENTITY#112,www.pc-canada.com//309
ENTITY#112,www.getprice.com.au//317
ENTITY#112,www.cleverboxes.com//513
ENTITY#112,www.vology.com//2261
ENTITY#113,www.pc-canada.com//374
ENTITY#113,ca.pcpartpicker.com//644
ENTITY#113,www.pcconnection.com//859
ENTITY#113,www.vology.com//2687
ENTITY#114,www.odsi.co.uk//211
ENTITY#114,www.best-deal-items.com//392
ENTITY#114,www.best-deal-items.com//448
ENTITY#114,www.best-deal-items.com//485
ENTITY#114,www.best-deal-items.com//1094
ENTITY#114,www.best-deal-items.com//1238
ENTITY#114,www.softwarecity.ca//1508
ENTITY#114,www.softwarecity.ca//1535
ENTITY#114,www.best-deal-items.com//1653
ENTITY#114,www.best-deal-items.com//1902
ENTITY#114,www.pcconnection.com//1914
ENTITY#114,www.pcconnection.com//2355
ENTITY#114,www.best-deal-items.com//2637
ENTITY#114,www.softwarecity.ca//5717
ENTITY#114,www.ebay.com//22687
ENTITY#114,www.ebay.com//23099
ENTITY#115,www.best-deal-items.com//83
ENTITY#115,www.best-deal-items.com//171
ENTITY#115,www.best-deal-items.com//769
ENTITY#115,www.best-deal-items.com//1012
ENTITY#115,www.best-deal-items.com//1080
ENTITY#115,www.best-deal-items.com//1212
ENTITY#115,www.best-deal-items.com//1832
ENTITY#115,www.best-deal-items.com//2073
ENTITY#115,www.best-deal-items.com//2144
ENTITY#115,www.best-deal-items.com//2168
ENTITY#115,www.best-deal-items.com//2337
ENTITY#115,www.best-deal-items.com//2350
ENTITY#115,www.best-deal-items.com//2394
ENTITY#115,www.best-deal-items.com//2446
ENTITY#115,www.best-deal-items.com//2612
ENTITY#115,www.ebay.com//12139
ENTITY#116,www.nexus-t.co.uk//26
ENTITY#116,www.kingsfieldcomputers.co.uk//42
ENTITY#116,www.shopmania.com//57
ENTITY#116,www.hardware-planet.it//136
ENTITY#116,www.hardware-planet.it//193
ENTITY#116,www.pc-canada.com//283
ENTITY#116,www.makingbuyingeasy.co.uk//293
ENTITY#116,www.makingbuyingeasy.co.uk//330
ENTITY#116,www.pcconnection.com//667
ENTITY#116,www.imldirect.it//736
ENTITY#116,www.jrlinton.co.uk//902
ENTITY#116,www.vology.com//2360
ENTITY#116,www.pcconnection.com//3579
ENTITY#116,www.softwarecity.ca//5432
ENTITY#116,www.ebay.com//11677
ENTITY#116,www.ebay.com//12266
ENTITY#117,www.makingbuyingeasy.co.uk//8
ENTITY#117,www.shopmania.com//43
ENTITY#117,www.nexus-t.co.uk//66
ENTITY#117,www.officedepot.com//167
ENTITY#117,www.hardware-planet.it//181
ENTITY#117,www.cleverboxes.com//223
ENTITY#117,www.getprice.com.au//260
ENTITY#117,ca.pcpartpicker.com//284
ENTITY#117,www.imldirect.it//506
ENTITY#117,www.ohc24.ch//826
ENTITY#117,ce.yikus.com//988
ENTITY#117,www.jrlinton.co.uk//1008
ENTITY#117,www.vology.com//2446
ENTITY#117,www.pcconnection.com//3793
ENTITY#117,www.softwarecity.ca//5684
ENTITY#117,www.ebay.com//18713
ENTITY#117,www.ebay.com//20043
ENTITY#118,www.best-deal-items.com//44
ENTITY#118,www.makingbuyingeasy.co.uk//104
ENTITY#118,www.officedepot.com//196
ENTITY#118,www.planet-computer.it//255
ENTITY#118,www.best-deal-items.com//1353
ENTITY#118,www.softwarecity.ca//1573
ENTITY#118,www.vology.com//2251
ENTITY#118,www.best-deal-items.com//2307
ENTITY#118,www.best-deal-items.com//2442
ENTITY#118,www.best-deal-items.com//2578
ENTITY#118,www.vology.com//2647
ENTITY#119,ca.pcpartpicker.com//23
ENTITY#119,ce.yikus.com//226
ENTITY#119,www.cleverboxes.com//408
ENTITY#119,www.best-deal-items.com//1858
ENTITY#119,www.vology.com//2328
ENTITY#119,www.ebay.com//11579
ENTITY#119,www.ebay.com//16294
ENTITY#119,www.ebay.com//20316
ENTITY#119,www.ebay.com//22361
ENTITY#119,www.ebay.com//23151
ENTITY#120,www.cleverboxes.com//470
ENTITY#120,www.makingbuyingeasy.co.uk//633
ENTITY#120,www.shopmania.com//652
ENTITY#120,ca.pcpartpicker.com//665
ENTITY#120,www.vology.com//2340
ENTITY#120,www.ebay.com//16730
ENTITY#120,www.ebay.com//18964
ENTITY#120,www.ebay.com//19756
ENTITY#120,www.ebay.com//20022
ENTITY#120,www.ebay.com//20098
ENTITY#120,www.ebay.com//20919
ENTITY#120,www.ebay.com//23440
ENTITY#121,www.ebay.com//9674
ENTITY#121,www.ebay.com//10826
ENTITY#121,www.ebay.com//11734
ENTITY#121,www.ebay.com//15001
ENTITY#121,www.ebay.com//15809
ENTITY#121,www.ebay.com//19316
ENTITY#121,www.ebay.com//19388
ENTITY#121,www.ebay.com//20071
ENTITY#121,www.ebay.com//21091
ENTITY#121,www.ebay.com//22132
ENTITY#121,www.ebay.com//22163
ENTITY#121,www.ebay.com//23635
ENTITY#121,www.ebay.com//23681
ENTITY#122,ca.pcpartpicker.com//179
ENTITY#122,www.cleverboxes.com//233
ENTITY#122,www.vology.com//2653
ENTITY#122,www.ebay.com//10814
ENTITY#122,www.ebay.com//11069
ENTITY#122,www.ebay.com//19271
ENTITY#122,www.ebay.com//19479
ENTITY#122,www.ebay.com//21562
ENTITY#122,www.ebay.com//21623
ENTITY#122,www.ebay.com//22660
ENTITY#122,www.ebay.com//23479
ENTITY#123,www.pcconnection.com//282
ENTITY#123,www.getprice.com.au//285
ENTITY#123,www.pc-canada.com//343
ENTITY#123,ca.pcpartpicker.com//698
ENTITY#123,www.softwarecity.ca//1528
ENTITY#123,www.softwarecity.ca//1593
ENTITY#123,www.vology.com//2187
ENTITY#123,www.vology.com//2332
ENTITY#123,www.ebay.com//19065
ENTITY#124,ce.yikus.com//36
ENTITY#124,www.makingbuyingeasy.co.uk//52
ENTITY#124,www.getprice.com.au//269
ENTITY#124,www.cleverboxes.com//440
ENTITY#124,ca.pcpartpicker.com//594
ENTITY#124,ce.yikus.com//670
ENTITY#124,www.ohc24.ch//872
ENTITY#124,www.vology.com//2650
ENTITY#124,www.ebay.com//11994
ENTITY#124,www.ebay.com//15200
ENTITY#124,www.ebay.com//16432
ENTITY#124,www.ebay.com//19434
ENTITY#124,www.ebay.com//22713
ENTITY#125,catalog.com//274
ENTITY#125,www.ohc24.ch//404
ENTITY#125,www.cleverboxes.com//430
ENTITY#125,www.makingbuyingeasy.co.uk//604
ENTITY#125,www.shopmania.com//664
ENTITY#125,www.best-deal-items.com//1569
ENTITY#125,www.vology.com//2215
ENTITY#125,www.ebay.com//14802
ENTITY#125,www.ebay.com//19891
ENTITY#125,www.ebay.com//20633
ENTITY#125,www.ebay.com//21730
ENTITY#126,www.getprice.com.au//233
ENTITY#126,www.cleverboxes.com//325
ENTITY#126,www.makingbuyingeasy.co.uk//367
ENTITY#126,ca.pcpartpicker.com//711
ENTITY#126,www.vology.com//2651
ENTITY#126,www.ebay.com//9909
ENTITY#126,www.ebay.com//11842
ENTITY#126,www.ebay.com//14249
ENTITY#126,www.ebay.com//18795
ENTITY#126,www.ebay.com//18982
ENTITY#126,www.ebay.com//19521
ENTITY#126,www.ebay.com//19867
ENTITY#126,www.ebay.com//22070
ENTITY#127,www.odsi.co.uk//72
ENTITY#127,www.xpcpro.com//101
ENTITY#127,ce.yikus.com//199
ENTITY#127,www.xpcpro.com//245
ENTITY#127,ce.yikus.com//967
ENTITY#127,www.ebay.com//11100
ENTITY#127,www.ebay.com//14503
ENTITY#127,www.ebay.com//18750
ENTITY#127,www.ebay.com//19015
ENTITY#127,www.ebay.com//20727
ENTITY#127,www.ebay.com//22536
ENTITY#128,www.shopmania.com//31
ENTITY#128,www.nexus-t.co.uk//71
ENTITY#128,www.hardware-planet.it//123
ENTITY#128,www.makingbuyingeasy.co.uk//150
ENTITY#128,www.officedepot.com//179
ENTITY#128,www.getprice.com.au//181
ENTITY#128,www.cleverboxes.com//193
ENTITY#128,ca.pcpartpicker.com//228
ENTITY#128,www.kingsfieldcomputers.co.uk//268
ENTITY#128,www.pc-canada.com//314
ENTITY#128,catalog.com//353
ENTITY#128,www.imldirect.it//682
ENTITY#128,www.jrlinton.co.uk//927
ENTITY#128,www.best-deal-items.com//1714
ENTITY#128,www.vology.com//2392
ENTITY#128,www.softwarecity.ca//5820
ENTITY#128,www.ebay.com//19537
ENTITY#128,www.ebay.com//22767
ENTITY#129,ca.pcpartpicker.com//5
ENTITY#129,www.hardware-planet.it//63
ENTITY#129,www.nexus-t.co.uk//124
ENTITY#129,www.kingsfieldcomputers.co.uk//195
ENTITY#129,www.getprice.com.au//206
ENTITY#129,www.cleverboxes.com//442
ENTITY#129,www.jrlinton.co.uk//638
ENTITY#129,www.shopmania.com//651
ENTITY#129,www.imldirect.it//823
ENTITY#129,www.jrlinton.co.uk//942
ENTITY#129,www.vology.com//2366
ENTITY#129,www.softwarecity.ca//5787
ENTITY#130,www.nexus-t.co.uk//95
ENTITY#130,www.hardware-planet.it//144
ENTITY#130,www.officedepot.com//178
ENTITY#130,www.makingbuyingeasy.co.uk//298
ENTITY#130,www.getprice.com.au//326
ENTITY#130,www.cleverboxes.com//421
ENTITY#130,ca.pcpartpicker.com//436
ENTITY#130,www.jrlinton.co.uk//493
ENTITY#130,www.makingbuyingeasy.co.uk//541
ENTITY#130,www.shopmania.com//685
ENTITY#130,www.imldirect.it//796
ENTITY#130,ce.yikus.com//1199
ENTITY#130,www.vology.com//2158
ENTITY#130,www.softwarecity.ca//5893
ENTITY#130,www.ebay.com//9905
ENTITY#130,www.ebay.com//16754
ENTITY#130,www.ebay.com//21202
ENTITY#130,www.ebay.com//21622
ENTITY#130,www.ebay.com//22545
ENTITY#131,www.nexus-t.co.uk//73
ENTITY#131,www.shopmania.com//89
ENTITY#131,www.hardware-planet.it//190
ENTITY#131,www.makingbuyingeasy.co.uk//343
ENTITY#131,www.jrlinton.co.uk//554
ENTITY#131,www.imldirect.it//608
ENTITY#131,ca.pcpartpicker.com//677
ENTITY#131,www.makingbuyingeasy.co.uk//678
ENTITY#131,www.pcconnection.com//2358
ENTITY#131,www.softwarecity.ca//5666
ENTITY#131,www.ebay.com//14728
ENTITY#131,www.ebay.com//20371
ENTITY#131,www.ebay.com//20724
ENTITY#132,www.shopmania.com//22
ENTITY#132,www.kingsfieldcomputers.co.uk//67
ENTITY#132,www.pcconnection.com//68
ENTITY#132,www.nexus-t.co.uk//87
ENTITY#132,www.makingbuyingeasy.co.uk//143
ENTITY#132,ca.pcpartpicker.com//281
ENTITY#132,www.pc-canada.com//282
ENTITY#132,www.hardware-planet.it//313
ENTITY#132,www.ohc24.ch//359
ENTITY#132,www.imldirect.it//471
ENTITY#132,www.cleverboxes.com//533
ENTITY#132,www.jrlinton.co.uk//829
ENTITY#132,www.vology.com//2665
ENTITY#132,www.softwarecity.ca//5757
ENTITY#132,www.ebay.com//23093
ENTITY#132,www.ebay.com//23515
ENTITY#133,www.kingsfieldcomputers.co.uk//40
ENTITY#133,www.makingbuyingeasy.co.uk//48
ENTITY#133,www.mrhightech.com//64
ENTITY#133,www.nexus-t.co.uk//100
ENTITY#133,www.mediashopuk.com//172
ENTITY#133,www.hardware-planet.it//221
ENTITY#133,www.jrlinton.co.uk//384
ENTITY#133,www.ohc24.ch//385
ENTITY#133,www.getprice.com.au//395
ENTITY#133,www.cleverboxes.com//452
ENTITY#133,www.imldirect.it//638
ENTITY#133,www.jrlinton.co.uk//1059
ENTITY#133,www.best-deal-items.com//1191
ENTITY#134,www.nexus-t.co.uk//24
ENTITY#134,www.hardware-planet.it//28
ENTITY#134,ca.pcpartpicker.com//192
ENTITY#134,www.xpcpro.com//200
ENTITY#134,www.planet-computer.it//211
ENTITY#134,www.pc-canada.com//363
ENTITY#134,www.imldirect.it//374
ENTITY#134,www.makingbuyingeasy.co.uk//403
ENTITY#134,www.jrlinton.co.uk//546
ENTITY#134,www.ohc24.ch//831
ENTITY#134,www.softwarecity.ca//5430
ENTITY#134,www.ebay.com//18870
ENTITY#135,ce.yikus.com//170
ENTITY#135,ce.yikus.com//301
ENTITY#135,ce.yikus.com//1014
ENTITY#135,www.ebay.com//9385
ENTITY#135,www.ebay.com//10106
ENTITY#135,www.ebay.com//10774
ENTITY#135,www.ebay.com//18916
ENTITY#135,www.ebay.com//19240
ENTITY#135,www.ebay.com//19284
ENTITY#135,www.ebay.com//19610
ENTITY#135,www.ebay.com//20186
ENTITY#135,www.ebay.com//20338
ENTITY#135,www.ebay.com//20396
ENTITY#135,www.ebay.com//20520
ENTITY#135,www.ebay.com//21101
ENTITY#135,www.ebay.com//22067
ENTITY#135,www.ebay.com//22986
ENTITY#136,www.planet-computer.it//13
ENTITY#136,www.shopmania.com//39
ENTITY#136,www.nexus-t.co.uk//69
ENTITY#136,www.makingbuyingeasy.co.uk//257
ENTITY#136,www.pc-canada.com//373
ENTITY#136,ca.pcpartpicker.com//566
ENTITY#136,ce.yikus.com//728
ENTITY#136,www.softwarecity.ca//5797
ENTITY#136,www.ebay.com//9552
ENTITY#136,www.ebay.com//10044
ENTITY#136,www.ebay.com//12224
ENTITY#136,www.ebay.com//16706
ENTITY#136,www.ebay.com//17085
ENTITY#136,www.ebay.com//19854
ENTITY#136,www.ebay.com//21338
ENTITY#136,www.ebay.com//23398
ENTITY#137,www.ebay.com//11142
ENTITY#137,www.ebay.com//12156
ENTITY#137,www.ebay.com//16476
ENTITY#137,www.ebay.com//20303
ENTITY#137,www.ebay.com//21301
ENTITY#137,www.ebay.com//22276
ENTITY#137,www.ebay.com//23754
ENTITY#138,ca.pcpartpicker.com//63
ENTITY#138,www.getprice.com.au//145
ENTITY#138,www.makingbuyingeasy.co.uk//336
ENTITY#138,www.vology.com//2164
ENTITY#138,www.ebay.com//15089
ENTITY#138,www.ebay.com//15341
ENTITY#138,www.ebay.com//16855
ENTITY#138,www.ebay.com//20422
ENTITY#138,www.ebay.com//21841
ENTITY#138,www.ebay.com//22252
ENTITY#138,www.ebay.com//23394
ENTITY#139,www.planet-computer.it//153
ENTITY#139,www.officedepot.com//157
ENTITY#139,www.hardware-planet.it//172
ENTITY#139,www.makingbuyingeasy.co.uk//493
ENTITY#139,ca.pcpartpicker.com//605
ENTITY#139,www.vology.com//2507
ENTITY#139,www.ebay.com//11368
ENTITY#139,www.ebay.com//15349
ENTITY#139,www.ebay.com//16404
ENTITY#139,www.ebay.com//18299
ENTITY#139,www.ebay.com//18898
ENTITY#140,www.makingbuyingeasy.co.uk//10
ENTITY#140,www.hardware-planet.it//158
ENTITY#140,www.ohc24.ch//260
ENTITY#140,ca.pcpartpicker.com//409
ENTITY#140,www.ohc24.ch//471
ENTITY#140,www.ohc24.ch//868
ENTITY#140,www.ebay.com//11280
ENTITY#140,www.ebay.com//22164
ENTITY#140,www.ebay.com//23190
ENTITY#141,www.hardware-planet.it//67
ENTITY#141,www.xpcpro.com//166
ENTITY#141,ca.pcpartpicker.com//214
ENTITY#141,www.getprice.com.au//218
ENTITY#141,www.pcconnection.com//435
ENTITY#141,www.vology.com//2510
ENTITY#141,www.ebay.com//11029
ENTITY#141,www.ebay.com//21513
ENTITY#141,www.ebay.com//21782
ENTITY#142,ce.yikus.com//147
ENTITY#142,catalog.com//514
ENTITY#142,ca.pcpartpicker.com//555
ENTITY#142,www.ebay.com//9516
ENTITY#142,www.ebay.com//10874
ENTITY#142,www.ebay.com//11102
ENTITY#142,www.ebay.com//15054
ENTITY#142,www.ebay.com//18237
ENTITY#142,www.ebay.com//18572
ENTITY#142,www.ebay.com//19118
ENTITY#142,www.ebay.com//20331
ENTITY#142,www.ebay.com//22459
ENTITY#143,www.mrhightech.com//90
ENTITY#143,ca.pcpartpicker.com//175
ENTITY#143,www.makingbuyingeasy.co.uk//193
ENTITY#143,ce.yikus.com//193
ENTITY#143,www.officedepot.com//244
ENTITY#143,www.getprice.com.au//350
ENTITY#143,catalog.com//587
ENTITY#143,www.ebay.com//14225
ENTITY#143,www.ebay.com//19860
ENTITY#143,www.ebay.com//20226
ENTITY#143,www.ebay.com//21581
ENTITY#143,www.ebay.com//22584
ENTITY#143,www.ebay.com//22846
ENTITY#144,ca.pcpartpicker.com//235
ENTITY#144,www.officedepot.com//269
ENTITY#144,catalog.com//292
ENTITY#144,catalog.com//333
ENTITY#144,www.vology.com//2403
ENTITY#144,www.softwarecity.ca//5698
ENTITY#144,www.ebay.com//10768
ENTITY#144,www.ebay.com//14705
ENTITY#144,www.ebay.com//22554
ENTITY#144,www.ebay.com//22615
ENTITY#144,www.ebay.com//23488
ENTITY#144,www.ebay.com//23711
ENTITY#145,www.xpcpro.com//210
ENTITY#145,www.hardware-planet.it//273
ENTITY#145,www.getprice.com.au//354
ENTITY#145,catalog.com//490
ENTITY#145,ca.pcpartpicker.com//620
ENTITY#145,www.pcconnection.com//1122
ENTITY#145,www.ebay.com//10726
ENTITY#145,www.ebay.com//10730
ENTITY#145,www.ebay.com//18078
ENTITY#145,www.ebay.com//19641
ENTITY#145,www.ebay.com//20464
ENTITY#145,www.ebay.com//21030
ENTITY#145,www.ebay.com//21673
ENTITY#145,www.ebay.com//22075
ENTITY#145,www.ebay.com//22134
ENTITY#145,www.ebay.com//22239
ENTITY#145,www.ebay.com//22940
ENTITY#145,www.ebay.com//23303
ENTITY#146,www.shopmania.com//42
ENTITY#146,www.officedepot.com//198
ENTITY#146,www.cleverboxes.com//528
ENTITY#146,catalog.com//561
ENTITY#146,ce.yikus.com//568
ENTITY#146,www.ebay.com//16564
ENTITY#146,www.ebay.com//19444
ENTITY#146,www.ebay.com//20035
ENTITY#146,www.ebay.com//20218
ENTITY#146,www.ebay.com//23133
ENTITY#148,www.ebay.com//11846
ENTITY#148,www.ebay.com//12324
ENTITY#148,www.ebay.com//14486
ENTITY#148,www.ebay.com//16702
ENTITY#148,www.ebay.com//19581
ENTITY#148,www.ebay.com//19993
ENTITY#148,www.ebay.com//20370
ENTITY#148,www.ebay.com//21029
ENTITY#148,www.ebay.com//21984
ENTITY#148,www.ebay.com//22567
ENTITY#148,www.ebay.com//23342
ENTITY#149,www.ebay.com//9969
ENTITY#149,www.ebay.com//11226
ENTITY#149,www.ebay.com//11936
ENTITY#149,www.ebay.com//16722
ENTITY#149,www.ebay.com//19315
ENTITY#149,www.ebay.com//19420
ENTITY#149,www.ebay.com//19530
ENTITY#149,www.ebay.com//20356
ENTITY#149,www.ebay.com//20738
ENTITY#149,www.ebay.com//22435
ENTITY#149,www.ebay.com//22588
ENTITY#149,www.ebay.com//22711
ENTITY#151,www.officedepot.com//312
ENTITY#151,www.ohc24.ch//437
ENTITY#151,www.makingbuyingeasy.co.uk//488
ENTITY#151,www.ebay.com//12218
ENTITY#151,www.ebay.com//18447
ENTITY#151,www.ebay.com//18479
ENTITY#151,www.ebay.com//18677
ENTITY#151,www.ebay.com//20849
ENTITY#152,catalog.com//545
ENTITY#152,ce.yikus.com//686
ENTITY#152,www.vology.com//2590
ENTITY#152,www.ebay.com//14582
ENTITY#152,www.ebay.com//16272
ENTITY#152,www.ebay.com//16615
ENTITY#152,www.ebay.com//19090
ENTITY#152,www.ebay.com//19128
ENTITY#152,www.ebay.com//20093
ENTITY#152,www.ebay.com//20632
ENTITY#152,www.ebay.com//23347
ENTITY#152,www.ebay.com//23377
ENTITY#153,www.nexus-t.co.uk//9
ENTITY#153,www.getprice.com.au//361
ENTITY#153,ca.pcpartpicker.com//397
ENTITY#153,catalog.com//406
ENTITY#153,www.makingbuyingeasy.co.uk//428
ENTITY#153,www.shopmania.com//653
ENTITY#153,www.vology.com//2270
ENTITY#153,www.ebay.com//11900
ENTITY#153,www.ebay.com//15204
ENTITY#154,www.shopmania.com//35
ENTITY#154,www.getprice.com.au//173
ENTITY#154,catalog.com//526
ENTITY#154,www.vology.com//2241
ENTITY#154,www.best-deal-items.com//2278
ENTITY#154,www.ebay.com//11934
ENTITY#154,www.ebay.com//17028
ENTITY#154,www.ebay.com//20671
ENTITY#154,www.ebay.com//21066
ENTITY#154,www.ebay.com//21498
ENTITY#155,www.officedepot.com//204
ENTITY#155,ca.pcpartpicker.com//303
ENTITY#155,www.cleverboxes.com//403
ENTITY#155,www.makingbuyingeasy.co.uk//554
ENTITY#155,www.getprice.com.au//554
ENTITY#155,catalog.com//565
ENTITY#155,www.vology.com//2630
ENTITY#155,www.ebay.com//14244
ENTITY#155,www.ebay.com//22144
ENTITY#155,www.ebay.com//22146
ENTITY#156,www.ohc24.ch//22
ENTITY#156,ce.yikus.com//25
ENTITY#156,www.nexus-t.co.uk//111
ENTITY#156,www.officedepot.com//256
ENTITY#156,www.makingbuyingeasy.co.uk//269
ENTITY#156,www.cleverboxes.com//314
ENTITY#156,www.makingbuyingeasy.co.uk//322
ENTITY#156,www.cleverboxes.com//326
ENTITY#156,www.vology.com//2180
ENTITY#156,www.ebay.com//19710
ENTITY#156,www.ebay.com//20619
ENTITY#157,www.cleverboxes.com//60
ENTITY#157,www.mrhightech.com//97
ENTITY#157,www.mediashopuk.com//117
ENTITY#157,www.makingbuyingeasy.co.uk//167
ENTITY#157,ca.pcpartpicker.com//184
ENTITY#157,www.ohc24.ch//184
ENTITY#157,www.officedepot.com//219
ENTITY#157,www.getprice.com.au//374
ENTITY#157,www.vology.com//2304
ENTITY#157,www.ebay.com//14203
ENTITY#157,www.ebay.com//20293
ENTITY#157,www.ebay.com//20814
ENTITY#157,www.ebay.com//21257
ENTITY#157,www.ebay.com//21631
ENTITY#157,www.ebay.com//22877
ENTITY#158,www.officedepot.com//194
ENTITY#158,www.getprice.com.au//284
ENTITY#158,www.jrlinton.co.uk//412
ENTITY#158,catalog.com//533
ENTITY#158,www.makingbuyingeasy.co.uk//630
ENTITY#158,ce.yikus.com//1049
ENTITY#158,www.vology.com//2336
ENTITY#158,www.ebay.com//15542
ENTITY#158,www.ebay.com//23047
ENTITY#159,www.best-deal-items.com//80
ENTITY#159,ca.pcpartpicker.com//475
ENTITY#159,www.best-deal-items.com//1362
ENTITY#159,www.best-deal-items.com//1496
ENTITY#159,www.best-deal-items.com//1959
ENTITY#159,www.best-deal-items.com//2701
ENTITY#159,www.best-deal-items.com//2786
ENTITY#159,www.ebay.com//19589
ENTITY#159,www.ebay.com//19997
ENTITY#159,www.ebay.com//21042
ENTITY#159,www.ebay.com//21376
ENTITY#159,www.ebay.com//23467
ENTITY#160,www.pc-canada.com//11
ENTITY#160,www.odsi.co.uk//94
ENTITY#160,www.odsi.co.uk//128
ENTITY#160,www.officedepot.com//191
ENTITY#160,www.officedepot.com//231
ENTITY#160,www.best-deal-items.com//238
ENTITY#160,www.officedepot.com//293
ENTITY#160,www.best-deal-items.com//325
ENTITY#160,www.best-deal-items.com//854
ENTITY#160,www.best-deal-items.com//1020
ENTITY#160,www.best-deal-items.com//1680
ENTITY#160,www.best-deal-items.com//1784
ENTITY#160,www.best-deal-items.com//2102
ENTITY#160,www.best-deal-items.com//2279
ENTITY#160,www.best-deal-items.com//2297
ENTITY#160,www.best-deal-items.com//2730
ENTITY#160,www.softwarecity.ca//5452
ENTITY#160,www.ebay.com//11045
ENTITY#160,www.ebay.com//20837
ENTITY#160,www.ebay.com//22120
ENTITY#161,www.officedepot.com//136
ENTITY#161,www.officedepot.com//215
ENTITY#161,www.officedepot.com//304
ENTITY#161,catalog.com//360
ENTITY#161,www.makingbuyingeasy.co.uk//466
ENTITY#161,www.pcconnection.com//525
ENTITY#161,www.pcconnection.com//1224
ENTITY#161,www.pcconnection.com//1841
ENTITY#161,www.pcconnection.com//2113
ENTITY#161,www.softwarecity.ca//5419
ENTITY#161,www.ebay.com//9558
ENTITY#161,www.ebay.com//15153
ENTITY#161,www.ebay.com//16681
ENTITY#161,www.ebay.com//18737
ENTITY#161,www.ebay.com//19766
ENTITY#161,www.ebay.com//20145
ENTITY#161,www.ebay.com//20800
ENTITY#161,www.ebay.com//21241
ENTITY#161,www.ebay.com//23269
ENTITY#162,www.officedepot.com//172
ENTITY#162,www.officedepot.com//254
ENTITY#162,www.pc-canada.com//299
ENTITY#162,catalog.com//499
ENTITY#162,www.pcconnection.com//2110
ENTITY#162,www.pcconnection.com//3431
ENTITY#162,www.softwarecity.ca//5423
ENTITY#162,www.ebay.com//18337
ENTITY#162,www.ebay.com//18978
ENTITY#162,www.ebay.com//20135
ENTITY#162,www.ebay.com//22029
ENTITY#162,www.ebay.com//23505
ENTITY#163,ca.pcpartpicker.com//39
ENTITY#163,www.pcconnection.com//260
ENTITY#163,www.officedepot.com//315
ENTITY#163,www.officedepot.com//317
ENTITY#163,www.pcconnection.com//2662
ENTITY#163,www.softwarecity.ca//5459
ENTITY#163,www.softwarecity.ca//5714
ENTITY#163,www.softwarecity.ca//5785
ENTITY#163,www.ebay.com//19156
ENTITY#163,www.ebay.com//19576
ENTITY#163,www.ebay.com//20483
ENTITY#163,www.ebay.com//20610
ENTITY#163,www.ebay.com//23279
ENTITY#164,www.mrhightech.com//61
ENTITY#164,www.odsi.co.uk//62
ENTITY#164,www.mediashopuk.com//98
ENTITY#164,www.xpcpro.com//223
ENTITY#164,www.officedepot.com//274
ENTITY#164,www.itenergy.co.uk//327
ENTITY#164,www.imldirect.it//417
ENTITY#164,ca.pcpartpicker.com//521
ENTITY#164,www.jrlinton.co.uk//1577
ENTITY#164,www.jrlinton.co.uk//1670
ENTITY#164,www.softwarecity.ca//5859
ENTITY#165,www.officedepot.com//263
ENTITY#165,www.pc-canada.com//328
ENTITY#165,www.getprice.com.au//340
ENTITY#165,ca.pcpartpicker.com//363
ENTITY#165,www.shopmania.com//673
ENTITY#165,ce.yikus.com//1309
ENTITY#165,www.vology.com//2660
ENTITY#165,www.softwarecity.ca//5653
ENTITY#165,www.ebay.com//10100
ENTITY#165,www.ebay.com//11054
ENTITY#165,www.ebay.com//19711
ENTITY#165,www.ebay.com//22316
ENTITY#165,www.ebay.com//22427
ENTITY#165,www.ebay.com//22672
ENTITY#165,www.ebay.com//22751
ENTITY#165,www.ebay.com//23425
ENTITY#166,www.shopmania.com//53
ENTITY#166,ca.pcpartpicker.com//66
ENTITY#166,www.officedepot.com//169
ENTITY#166,www.pc-canada.com//310
ENTITY#166,www.getprice.com.au//388
ENTITY#166,www.vology.com//2451
ENTITY#166,www.softwarecity.ca//5748
ENTITY#166,www.ebay.com//14867
ENTITY#166,www.ebay.com//16991
ENTITY#166,www.ebay.com//18979
ENTITY#166,www.ebay.com//21565
ENTITY#166,www.ebay.com//22048
ENTITY#166,www.ebay.com//23245
ENTITY#166,www.ebay.com//23545
ENTITY#167,ca.pcpartpicker.com//59
ENTITY#167,www.mrhightech.com//98
ENTITY#167,www.mediashopuk.com//126
ENTITY#167,www.officedepot.com//330
ENTITY#167,www.getprice.com.au//335
ENTITY#167,catalog.com//521
ENTITY#167,www.shopmania.com//670
ENTITY#167,www.vology.com//2444
ENTITY#167,www.softwarecity.ca//5829
ENTITY#167,www.ebay.com//14348
ENTITY#167,www.ebay.com//16897
ENTITY#167,www.ebay.com//20105
ENTITY#167,www.ebay.com//21172
ENTITY#167,www.ebay.com//21289
ENTITY#167,www.ebay.com//22598
ENTITY#168,www.shopmania.com//30
ENTITY#168,www.nexus-t.co.uk//125
ENTITY#168,www.hardware-planet.it//169
ENTITY#168,www.imldirect.it//213
ENTITY#168,www.makingbuyingeasy.co.uk//220
ENTITY#168,www.getprice.com.au//277
ENTITY#168,www.kingsfieldcomputers.co.uk//297
ENTITY#168,ca.pcpartpicker.com//339
ENTITY#168,www.cleverboxes.com//379
ENTITY#168,www.jrlinton.co.uk//646
ENTITY#168,www.pcconnection.com//1256
ENTITY#168,www.best-deal-items.com//1617
ENTITY#168,www.vology.com//2422
ENTITY#168,www.softwarecity.ca//5733
ENTITY#168,www.ebay.com//18003
ENTITY#168,www.ebay.com//19048
ENTITY#169,www.nexus-t.co.uk//70
ENTITY#169,www.makingbuyingeasy.co.uk//148
ENTITY#169,www.hardware-planet.it//215
ENTITY#169,www.getprice.com.au//291
ENTITY#169,www.cleverboxes.com//298
ENTITY#169,www.makingbuyingeasy.co.uk//361
ENTITY#169,www.makingbuyingeasy.co.uk//624
ENTITY#169,www.shopmania.com//682
ENTITY#169,www.ebay.com//18620
ENTITY#169,www.ebay.com//20673
ENTITY#169,www.ebay.com//20747
ENTITY#170,www.makingbuyingeasy.co.uk//18
ENTITY#170,www.nexus-t.co.uk//140
ENTITY#170,www.officedepot.com//145
ENTITY#170,www.cleverboxes.com//216
ENTITY#170,www.makingbuyingeasy.co.uk//242
ENTITY#170,www.kingsfieldcomputers.co.uk//245
ENTITY#170,www.hardware-planet.it//309
ENTITY#170,www.makingbuyingeasy.co.uk//463
ENTITY#170,www.getprice.com.au//555
ENTITY#170,www.makingbuyingeasy.co.uk//639
ENTITY#170,www.shopmania.com//649
ENTITY#170,www.imldirect.it//848
ENTITY#170,ce.yikus.com//968
ENTITY#170,www.ebay.com//20685
ENTITY#170,www.ebay.com//22176
ENTITY#170,www.ebay.com//23348
ENTITY#171,ce.yikus.com//14
ENTITY#171,www.shopmania.com//56
ENTITY#171,www.kingsfieldcomputers.co.uk//86
ENTITY#171,www.nexus-t.co.uk//108
ENTITY#171,www.hardware-planet.it//235
ENTITY#171,www.officedepot.com//303
ENTITY#171,www.cleverboxes.com//345
ENTITY#171,www.makingbuyingeasy.co.uk//387
ENTITY#171,ca.pcpartpicker.com//491
ENTITY#171,catalog.com//543
ENTITY#171,www.imldirect.it//863
ENTITY#171,www.jrlinton.co.uk//891
ENTITY#171,www.vology.com//2308
ENTITY#171,www.softwarecity.ca//5846
ENTITY#171,www.ebay.com//18305
ENTITY#171,www.ebay.com//19549
ENTITY#171,www.ebay.com//21037
ENTITY#171,www.ebay.com//23191
ENTITY#172,www.hardware-planet.it//62
ENTITY#172,ce.yikus.com//118
ENTITY#172,www.nexus-t.co.uk//136
ENTITY#172,www.makingbuyingeasy.co.uk//235
ENTITY#172,www.cleverboxes.com//377
ENTITY#172,www.shopmania.com//663
ENTITY#172,www.imldirect.it//844
ENTITY#172,www.jrlinton.co.uk//963
ENTITY#172,ce.yikus.com//1133
ENTITY#172,www.ebay.com//9694
ENTITY#172,www.ebay.com//11977
ENTITY#172,www.ebay.com//14275
ENTITY#172,www.ebay.com//16513
ENTITY#172,www.ebay.com//19540
ENTITY#172,www.ebay.com//20468
ENTITY#172,www.ebay.com//20485
ENTITY#172,www.ebay.com//21643
ENTITY#172,www.ebay.com//22058
ENTITY#172,www.ebay.com//22380
ENTITY#172,www.ebay.com//22969
ENTITY#173,www.pc-canada.com//307
ENTITY#173,ca.pcpartpicker.com//411
ENTITY#173,www.imldirect.it//589
ENTITY#173,www.jrlinton.co.uk//892
ENTITY#173,www.vology.com//2634
ENTITY#173,www.softwarecity.ca//5457
ENTITY#173,www.ebay.com//10841
ENTITY#173,www.ebay.com//20130
ENTITY#173,www.ebay.com//23534
ENTITY#173,www.ebay.com//23636
ENTITY#174,www.kingsfieldcomputers.co.uk//17
ENTITY#174,ca.pcpartpicker.com//200
ENTITY#174,www.makingbuyingeasy.co.uk//521
ENTITY#174,www.jrlinton.co.uk//613
ENTITY#174,www.imldirect.it//694
ENTITY#174,www.pcconnection.com//1776
ENTITY#174,www.vology.com//2357
ENTITY#174,www.softwarecity.ca//5817
ENTITY#174,www.ebay.com//16732
ENTITY#174,www.ebay.com//20620
ENTITY#174,www.ebay.com//21864
ENTITY#174,www.ebay.com//22988
ENTITY#175,www.shopmania.com//90
ENTITY#175,www.imldirect.it//177
ENTITY#175,ca.pcpartpicker.com//197
ENTITY#175,www.hardware-planet.it//208
ENTITY#175,www.kingsfieldcomputers.co.uk//588
ENTITY#175,www.jrlinton.co.uk//690
ENTITY#175,www.jrlinton.co.uk//1027
ENTITY#175,www.pcconnection.com//2007
ENTITY#175,www.vology.com//2549
ENTITY#175,www.softwarecity.ca//5713
ENTITY#175,www.ebay.com//22820
ENTITY#176,www.xpcpro.com//121
ENTITY#176,www.cleverboxes.com//271
ENTITY#176,www.makingbuyingeasy.co.uk//324
ENTITY#176,www.imldirect.it//328
ENTITY#176,www.jrlinton.co.uk//561
ENTITY#176,ca.pcpartpicker.com//593
ENTITY#176,www.shopmania.com//672
ENTITY#176,www.itenergy.co.uk//784
ENTITY#176,www.softwarecity.ca//5878
ENTITY#176,www.ebay.com//19560
ENTITY#177,www.odsi.co.uk//102
ENTITY#177,www.xpcpro.com//161
ENTITY#177,ca.pcpartpicker.com//240
ENTITY#177,www.officedepot.com//329
ENTITY#177,www.jrlinton.co.uk//711
ENTITY#177,www.itenergy.co.uk//731
ENTITY#177,www.imldirect.it//870
ENTITY#177,www.softwarecity.ca//5843
ENTITY#177,www.ebay.com//16203
ENTITY#177,www.ebay.com//20535
ENTITY#178,www.shopmania.com//63
ENTITY#178,www.makingbuyingeasy.co.uk//137
ENTITY#178,www.officedepot.com//276
ENTITY#178,www.cleverboxes.com//490
ENTITY#178,www.ebay.com//11261
ENTITY#178,www.ebay.com//11690
ENTITY#178,www.ebay.com//18900
ENTITY#178,www.ebay.com//22400
ENTITY#178,www.ebay.com//22624
ENTITY#178,www.ebay.com//23459
ENTITY#179,www.officedepot.com//14
ENTITY#179,www.shopmania.com//655
ENTITY#179,www.ebay.com//9436
ENTITY#179,www.ebay.com//11717
ENTITY#179,www.ebay.com//11833
ENTITY#179,www.ebay.com//12083
ENTITY#179,www.ebay.com//15835
ENTITY#179,www.ebay.com//18180
ENTITY#179,www.ebay.com//18581
ENTITY#179,www.ebay.com//18893
ENTITY#179,www.ebay.com//19958
ENTITY#179,www.ebay.com//20155
ENTITY#179,www.ebay.com//20385
ENTITY#179,www.ebay.com//21072
ENTITY#179,www.ebay.com//21358
ENTITY#179,www.ebay.com//22151
ENTITY#179,www.ebay.com//22161
ENTITY#179,www.ebay.com//22966
ENTITY#179,www.ebay.com//23385
ENTITY#180,www.shopmania.com//70
ENTITY#180,www.officedepot.com//195
ENTITY#180,ce.yikus.com//581
ENTITY#180,www.ebay.com//11157
ENTITY#180,www.ebay.com//11195
ENTITY#180,www.ebay.com//14350
ENTITY#180,www.ebay.com//15498
ENTITY#180,www.ebay.com//18960
ENTITY#180,www.ebay.com//19718
ENTITY#180,www.ebay.com//21238
ENTITY#180,www.ebay.com//22851
ENTITY#181,www.shopmania.com//26
ENTITY#181,www.officedepot.com//232
ENTITY#181,www.ebay.com//14533
ENTITY#181,www.ebay.com//14598
ENTITY#181,www.ebay.com//15169
ENTITY#181,www.ebay.com//22437
ENTITY#181,www.ebay.com//22684
ENTITY#181,www.ebay.com//22913
ENTITY#181,www.ebay.com//23550
ENTITY#181,www.ebay.com//23694
ENTITY#182,www.officedepot.com//168
ENTITY#182,www.getprice.com.au//200
ENTITY#182,ce.yikus.com//250
ENTITY#182,www.shopmania.com//648
ENTITY#182,www.ebay.com//18134
ENTITY#182,www.ebay.com//18711
ENTITY#182,www.ebay.com//20001
ENTITY#182,www.ebay.com//20216
ENTITY#182,www.ebay.com//20578
ENTITY#182,www.ebay.com//21390
ENTITY#182,www.ebay.com//21438
ENTITY#183,www.nexus-t.co.uk//50
ENTITY#183,www.hardware-planet.it//112
ENTITY#183,www.getprice.com.au//264
ENTITY#183,www.cleverboxes.com//301
ENTITY#183,www.makingbuyingeasy.co.uk//410
ENTITY#183,www.ohc24.ch//450
ENTITY#183,www.shopmania.com//669
ENTITY#183,ce.yikus.com//1289
ENTITY#183,www.ebay.com//10092
ENTITY#183,www.ebay.com//14731
ENTITY#183,www.ebay.com//18109
ENTITY#183,www.ebay.com//19378
ENTITY#183,www.ebay.com//22062
ENTITY#183,www.ebay.com//22351
ENTITY#184,www.nexus-t.co.uk//4
ENTITY#184,www.makingbuyingeasy.co.uk//74
ENTITY#184,www.officedepot.com//153
ENTITY#184,www.hardware-planet.it//163
ENTITY#184,www.cleverboxes.com//514
ENTITY#184,www.shopmania.com//678
ENTITY#184,www.ebay.com//11224
ENTITY#184,www.ebay.com//18773
ENTITY#184,www.ebay.com//19649
ENTITY#184,www.ebay.com//21004
ENTITY#184,www.ebay.com//23327
ENTITY#185,www.nexus-t.co.uk//33
ENTITY#185,www.hardware-planet.it//53
ENTITY#185,www.mrhightech.com//129
ENTITY#185,www.mediashopuk.com//151
ENTITY#185,www.officedepot.com//183
ENTITY#185,www.cleverboxes.com//480
ENTITY#185,ce.yikus.com//528
ENTITY#185,www.makingbuyingeasy.co.uk//593
ENTITY#185,www.shopmania.com//662
ENTITY#185,www.ebay.com//11872
ENTITY#185,www.ebay.com//22011
ENTITY#186,www.mediashopuk.com//59
ENTITY#186,www.mrhightech.com//127
ENTITY#186,www.imldirect.it//182
ENTITY#186,www.getprice.com.au//183
ENTITY#186,www.hardware-planet.it//185
ENTITY#186,www.cleverboxes.com//290
ENTITY#186,www.kingsfieldcomputers.co.uk//387
ENTITY#186,www.makingbuyingeasy.co.uk//467
ENTITY#186,www.jrlinton.co.uk//905
ENTITY#187,www.odsi.co.uk//125
ENTITY#187,ca.pcpartpicker.com//561
ENTITY#187,www.imldirect.it//655
ENTITY#187,www.itenergy.co.uk//766
ENTITY#187,www.jrlinton.co.uk//1001
ENTITY#187,www.vology.com//2398
ENTITY#187,www.softwarecity.ca//5794
ENTITY#187,www.ebay.com//18022
ENTITY#188,www.hardware-planet.it//291
ENTITY#188,www.cleverboxes.com//341
ENTITY#188,catalog.com//345
ENTITY#188,ca.pcpartpicker.com//382
ENTITY#188,www.shopmania.com//675
ENTITY#188,www.jrlinton.co.uk//1020
ENTITY#188,www.ebay.com//11118
ENTITY#188,www.ebay.com//19507
ENTITY#188,www.ebay.com//20649
ENTITY#189,www.mediashopuk.com//79
ENTITY#189,www.mrhightech.com//153
ENTITY#189,www.odsi.co.uk//156
ENTITY#189,www.getprice.com.au//171
ENTITY#189,www.cleverboxes.com//219
ENTITY#189,ca.pcpartpicker.com//295
ENTITY#189,www.xpcpro.com//300
ENTITY#189,www.officedepot.com//322
ENTITY#189,www.jrlinton.co.uk//687
ENTITY#189,www.imldirect.it//876
ENTITY#189,www.vology.com//2476
ENTITY#189,www.softwarecity.ca//5743
ENTITY#189,www.ebay.com//21772
ENTITY#190,www.nexus-t.co.uk//32
ENTITY#190,www.hardware-planet.it//156
ENTITY#190,www.kingsfieldcomputers.co.uk//337
ENTITY#190,www.cleverboxes.com//398
ENTITY#190,www.imldirect.it//408
ENTITY#190,ca.pcpartpicker.com//469
ENTITY#190,www.shopmania.com//650
ENTITY#190,www.makingbuyingeasy.co.uk//680
ENTITY#190,www.jrlinton.co.uk//870
ENTITY#190,www.ebay.com//23030
ENTITY#191,www.ebay.com//9430
ENTITY#191,www.ebay.com//11512
ENTITY#191,www.ebay.com//18926
ENTITY#191,www.ebay.com//18991
ENTITY#191,www.ebay.com//19302
ENTITY#191,www.ebay.com//19498
ENTITY#191,www.ebay.com//19611
ENTITY#191,www.ebay.com//20046
ENTITY#191,www.ebay.com//20672
ENTITY#191,www.ebay.com//20902
ENTITY#192,www.odsi.co.uk//123
ENTITY#192,www.makingbuyingeasy.co.uk//140
ENTITY#192,www.officedepot.com//245
ENTITY#192,ca.pcpartpicker.com//375
ENTITY#192,www.cleverboxes.com//388
ENTITY#192,www.makingbuyingeasy.co.uk//430
ENTITY#192,www.cleverboxes.com//460
ENTITY#192,catalog.com//515
ENTITY#192,www.best-deal-items.com//2286
ENTITY#192,www.vology.com//2655
ENTITY#192,www.ebay.com//19744
ENTITY#192,www.ebay.com//20357
ENTITY#192,www.ebay.com//22295
ENTITY#192,www.ebay.com//23682
ENTITY#193,www.hardware-planet.it//213
ENTITY#193,www.cleverboxes.com//213
ENTITY#193,www.xpcpro.com//275
ENTITY#193,www.itenergy.co.uk//297
ENTITY#193,www.imldirect.it//336
ENTITY#193,www.makingbuyingeasy.co.uk//362
ENTITY#193,www.ohc24.ch//397
ENTITY#193,www.jrlinton.co.uk//405
ENTITY#193,www.jrlinton.co.uk//643
ENTITY#193,www.kingsfieldcomputers.co.uk//815
ENTITY#194,ca.pcpartpicker.com//6
ENTITY#194,www.shopmania.com//67
ENTITY#194,www.makingbuyingeasy.co.uk//80
ENTITY#194,www.nexus-t.co.uk//94
ENTITY#194,www.planet-computer.it//138
ENTITY#194,www.getprice.com.au//319
ENTITY#194,www.pcconnection.com//3615
ENTITY#194,www.softwarecity.ca//5436
ENTITY#194,www.ebay.com//19002
ENTITY#194,www.ebay.com//21786
ENTITY#194,www.ebay.com//23460
ENTITY#194,www.ebay.com//23624
ENTITY#195,www.nexus-t.co.uk//27
ENTITY#195,www.shopmania.com//41
ENTITY#195,www.getprice.com.au//187
ENTITY#195,ca.pcpartpicker.com//405
ENTITY#195,www.makingbuyingeasy.co.uk//660
ENTITY#195,www.pcconnection.com//4023
ENTITY#195,www.softwarecity.ca//5739
ENTITY#195,www.ebay.com//10973
ENTITY#195,www.ebay.com//18962
ENTITY#196,www.planet-computer.it//33
ENTITY#196,www.planet-computer.it//40
ENTITY#196,www.mrhightech.com//66
ENTITY#196,ca.pcpartpicker.com//73
ENTITY#196,ca.pcpartpicker.com//122
ENTITY#196,www.getprice.com.au//143
ENTITY#196,www.mediashopuk.com//144
ENTITY#196,www.makingbuyingeasy.co.uk//272
ENTITY#196,www.officedepot.com//282
ENTITY#196,www.makingbuyingeasy.co.uk//529
ENTITY#196,www.best-deal-items.com//1035
ENTITY#196,www.best-deal-items.com//1306
ENTITY#196,www.vology.com//2203
ENTITY#196,www.vology.com//2679
ENTITY#196,www.softwarecity.ca//5706
ENTITY#196,www.softwarecity.ca//5711
ENTITY#196,www.ebay.com//11651
ENTITY#196,www.ebay.com//14326
ENTITY#196,www.ebay.com//19653
ENTITY#197,www.getprice.com.au//324
ENTITY#197,www.makingbuyingeasy.co.uk//365
ENTITY#197,www.makingbuyingeasy.co.uk//446
ENTITY#197,www.ohc24.ch//492
ENTITY#198,ca.pcpartpicker.com//17
ENTITY#198,www.planet-computer.it//102
ENTITY#198,www.planet-computer.it//141
ENTITY#198,www.makingbuyingeasy.co.uk//218
ENTITY#198,www.getprice.com.au//240
ENTITY#198,www.officedepot.com//267
ENTITY#198,www.makingbuyingeasy.co.uk//280
ENTITY#198,ca.pcpartpicker.com//476
ENTITY#198,www.pcconnection.com//2234
ENTITY#198,www.best-deal-items.com//2261
ENTITY#198,www.vology.com//2551
ENTITY#198,www.vology.com//2684
ENTITY#198,www.softwarecity.ca//5715
ENTITY#198,www.softwarecity.ca//5894
ENTITY#198,www.ebay.com//22495
ENTITY#198,www.ebay.com//22618
ENTITY#199,www.makingbuyingeasy.co.uk//13
ENTITY#199,www.makingbuyingeasy.co.uk//121
ENTITY#199,www.planet-computer.it//256
ENTITY#199,www.best-deal-items.com//294
ENTITY#199,www.makingbuyingeasy.co.uk//303
ENTITY#199,www.makingbuyingeasy.co.uk//525
ENTITY#199,www.softwarecity.ca//1512
ENTITY#199,www.softwarecity.ca//1514
ENTITY#199,www.vology.com//2405
ENTITY#199,www.vology.com//2516
ENTITY#200,www.mrhightech.com//11
ENTITY#200,www.mediashopuk.com//46
ENTITY#200,www.makingbuyingeasy.co.uk//69
ENTITY#200,www.makingbuyingeasy.co.uk//141
ENTITY#200,www.planet-computer.it//239
ENTITY#200,www.makingbuyingeasy.co.uk//250
ENTITY#200,www.getprice.com.au//265
ENTITY#200,www.makingbuyingeasy.co.uk//334
ENTITY#200,www.getprice.com.au//392
ENTITY#200,ca.pcpartpicker.com//432
ENTITY#200,www.makingbuyingeasy.co.uk//494
ENTITY#200,www.makingbuyingeasy.co.uk//570
ENTITY#200,www.ohc24.ch//772
ENTITY#200,www.softwarecity.ca//1533
ENTITY#200,www.vology.com//2542
ENTITY#200,www.vology.com//2544
ENTITY#200,www.softwarecity.ca//5699
ENTITY#200,www.ebay.com//15988
ENTITY#201,www.ebay.com//22408
ENTITY#201,www.ebay.com//22408
ENTITY#202,www.ohc24.ch//365
ENTITY#203,www.ohc24.ch//301
ENTITY#203,www.ohc24.ch//480
ENTITY#203,www.ohc24.ch//480
ENTITY#203,www.ohc24.ch//480
ENTITY#203,www.ohc24.ch//480
ENTITY#203,www.ohc24.ch//480
ENTITY#204,www.ohc24.ch//775
ENTITY#204,www.ohc24.ch//775
ENTITY#204,www.ohc24.ch//775
ENTITY#205,www.ohc24.ch//209
ENTITY#205,www.ohc24.ch//209
ENTITY#205,www.ohc24.ch//209
ENTITY#205,www.ohc24.ch//209
ENTITY#205,www.ohc24.ch//209
ENTITY#205,www.ohc24.ch//363
ENTITY#205,www.ohc24.ch//363
ENTITY#205,www.ohc24.ch//363
ENTITY#205,www.ebay.com//9783
ENTITY#206,www.ohc24.ch//529
ENTITY#206,www.ohc24.ch//529
ENTITY#206,www.ohc24.ch//529
ENTITY#207,www.ohc24.ch//332
ENTITY#207,www.ohc24.ch//332
ENTITY#207,www.ohc24.ch//332
ENTITY#207,www.ohc24.ch//332
ENTITY#207,www.ohc24.ch//332
ENTITY#207,www.ohc24.ch//673
ENTITY#207,www.ohc24.ch//673
ENTITY#207,www.ohc24.ch//673
ENTITY#207,www.ohc24.ch//673
ENTITY#208,www.ohc24.ch//820
ENTITY#209,www.ohc24.ch//325
ENTITY#210,www.best-deal-items.com//1551
ENTITY#210,www.best-deal-items.com//2016
ENTITY#210,www.best-deal-items.com//2016
ENTITY#210,www.best-deal-items.com//2143
ENTITY#210,www.best-deal-items.com//2143
ENTITY#211,www.ohc24.ch//512
ENTITY#212,www.ohc24.ch//705
ENTITY#213,www.ohc24.ch//797
ENTITY#213,www.ohc24.ch//797
ENTITY#213,www.ebay.com//21318
ENTITY#214,www.best-deal-items.com//1697
ENTITY#215,www.odsi.co.uk//92
ENTITY#215,www.odsi.co.uk//142
ENTITY#215,catalog.com//380
ENTITY#215,www.pcconnection.com//414
ENTITY#215,www.pcconnection.com//2086
ENTITY#215,www.softwarecity.ca//5800
ENTITY#215,www.softwarecity.ca//5877
ENTITY#215,www.ebay.com//14777
ENTITY#215,www.ebay.com//19265
ENTITY#215,www.ebay.com//19466
ENTITY#215,www.ebay.com//19566
ENTITY#215,www.ebay.com//19960
ENTITY#216,www.ebay.com//11475
ENTITY#216,www.ebay.com//11475
ENTITY#216,www.ebay.com//11475
ENTITY#217,www.ebay.com//20928
ENTITY#217,www.ebay.com//20928
ENTITY#217,www.ebay.com//20928
ENTITY#217,www.ebay.com//20928
ENTITY#217,www.ebay.com//20928
ENTITY#217,www.ebay.com//20928
ENTITY#218,www.best-deal-items.com//1505
ENTITY#219,www.best-deal-items.com//642
ENTITY#219,www.best-deal-items.com//2738
ENTITY#220,www.ebay.com//16216
ENTITY#220,www.ebay.com//19234
ENTITY#221,www.getprice.com.au//377
ENTITY#221,www.getprice.com.au//556
ENTITY#222,www.best-deal-items.com//750
ENTITY#222,www.best-deal-items.com//2393
ENTITY#223,www.ohc24.ch//116
ENTITY#223,www.ohc24.ch//777
ENTITY#224,www.ohc24.ch//212
ENTITY#224,www.ohc24.ch//482
ENTITY#225,www.odsi.co.uk//70
ENTITY#225,www.ohc24.ch//239
ENTITY#225,ca.pcpartpicker.com//630
ENTITY#226,www.ebay.com//19292
ENTITY#226,www.ebay.com//21857
ENTITY#227,www.best-deal-items.com//1378
ENTITY#227,www.ebay.com//15284
ENTITY#227,www.ebay.com//19138
ENTITY#228,www.ebay.com//20269
ENTITY#229,www.ebay.com//19422
ENTITY#230,www.odsi.co.uk//151
ENTITY#230,catalog.com//265
ENTITY#231,www.odsi.co.uk//9
ENTITY#231,www.softwarecity.ca//5652
ENTITY#232,www.odsi.co.uk//214
ENTITY#232,ca.pcpartpicker.com//449
ENTITY#232,www.softwarecity.ca//5768
ENTITY#233,www.odsi.co.uk//61
ENTITY#233,ca.pcpartpicker.com//149
ENTITY#234,www.best-deal-items.com//1243
ENTITY#234,www.best-deal-items.com//2548
ENTITY#235,www.odsi.co.uk//47
ENTITY#235,ca.pcpartpicker.com//305
ENTITY#235,www.softwarecity.ca//5827
ENTITY#236,www.itenergy.co.uk//674
ENTITY#236,www.jrlinton.co.uk//1546
ENTITY#237,www.ebay.com//11766
ENTITY#237,www.ebay.com//12087
ENTITY#237,www.ebay.com//19035
ENTITY#237,www.ebay.com//20994
ENTITY#237,www.ebay.com//21148
ENTITY#237,www.ebay.com//21532
ENTITY#237,www.ebay.com//21852
ENTITY#237,www.ebay.com//23171
ENTITY#238,www.ebay.com//20866
ENTITY#238,www.ebay.com//22306
ENTITY#239,www.ebay.com//10846
ENTITY#239,www.ebay.com//14956
ENTITY#239,www.ebay.com//18731
ENTITY#239,www.ebay.com//21989
ENTITY#239,www.ebay.com//23045
ENTITY#239,www.ebay.com//23747
ENTITY#240,www.ebay.com//16297
ENTITY#240,www.ebay.com//19515
ENTITY#240,www.ebay.com//20139
ENTITY#240,www.ebay.com//20276
ENTITY#241,www.ebay.com//11293
ENTITY#241,www.ebay.com//20583
ENTITY#241,www.ebay.com//21294
ENTITY#242,www.ebay.com//19474
ENTITY#242,www.ebay.com//21773
ENTITY#242,www.ebay.com//22401
ENTITY#242,www.ebay.com//23750
ENTITY#243,www.ebay.com//20389
ENTITY#243,www.ebay.com//21861
ENTITY#244,www.ebay.com//16790
ENTITY#244,www.ebay.com//20650
ENTITY#245,www.ebay.com//16656
ENTITY#245,www.ebay.com//18823
ENTITY#245,www.ebay.com//19413
ENTITY#245,www.ebay.com//23071
ENTITY#246,www.ebay.com//16302
ENTITY#246,www.ebay.com//19810
ENTITY#247,www.ebay.com//18086
ENTITY#247,www.ebay.com//23517
ENTITY#248,www.ebay.com//19585
ENTITY#248,www.ebay.com//22481
ENTITY#249,www.softwarecity.ca//5917
ENTITY#249,www.softwarecity.ca//5917
ENTITY#250,www.pcconnection.com//332
ENTITY#250,www.pcconnection.com//3169
ENTITY#251,www.best-deal-items.com//1889
ENTITY#251,www.best-deal-items.com//2228
ENTITY#251,www.best-deal-items.com//2228
ENTITY#251,www.best-deal-items.com//2228
ENTITY#252,www.getprice.com.au//315
ENTITY#252,www.ebay.com//10925
